,Customer Age,Customer Gender,Product Purchased,Ticket Type,Ticket Subject,Ticket Channel,Customer Satisfaction Rating,Age Group
2,48,2,10,4,8,3,3.0,2
3,27,0,25,0,0,3,3.0,0
4,67,0,5,0,3,1,1.0,3
10,48,1,30,1,3,2,1.0,2
11,51,1,27,2,15,0,1.0,2
14,48,0,38,0,13,0,4.0,2
16,63,2,40,2,0,0,4.0,3
19,39,0,9,3,15,0,5.0,1
28,30,2,12,4,12,2,5.0,0
29,67,1,40,1,2,2,1.0,3
31,60,1,15,4,11,3,3.0,2
33,50,1,5,3,6,3,5.0,2
35,24,2,16,1,12,0,1.0,0
38,19,1,18,4,0,2,3.0,0
41,35,1,10,0,11,0,3.0,1
44,34,2,19,3,11,1,2.0,1
46,50,0,31,3,8,2,1.0,2
47,27,0,16,4,15,3,1.0,0
51,64,1,21,3,15,0,3.0,3
52,54,1,28,3,8,3,3.0,2
53,37,1,19,1,4,0,4.0,1
58,27,1,5,4,12,2,5.0,0
59,40,2,3,2,2,0,3.0,1
60,40,1,37,1,13,0,1.0,1
62,64,0,40,0,9,1,4.0,3
66,49,0,16,0,11,1,5.0,2
69,46,0,8,3,14,0,1.0,2
72,34,0,11,0,5,0,4.0,1
73,36,2,12,1,9,3,3.0,1
75,37,2,34,2,5,0,1.0,1
77,63,0,12,0,4,1,5.0,3
82,24,1,33,3,15,3,1.0,0
86,46,1,38,4,12,2,2.0,2
89,40,1,39,2,12,1,5.0,1
95,60,1,5,2,1,0,5.0,2
98,38,1,35,0,14,0,5.0,1
102,40,0,4,3,1,1,3.0,1
106,42,0,30,1,7,1,2.0,1
108,33,1,11,4,13,0,4.0,1
110,60,0,1,1,10,1,2.0,2
113,27,2,25,1,9,1,1.0,0
114,28,0,37,1,1,1,1.0,0
116,20,0,41,1,15,1,5.0,0
117,18,1,17,0,13,2,5.0,4
119,41,0,12,0,15,2,2.0,1
128,49,1,0,1,6,1,3.0,2
130,43,1,4,0,12,1,2.0,1
133,50,1,30,3,14,2,5.0,2
134,66,1,33,1,13,1,2.0,3
137,21,2,1,4,8,0,4.0,0
138,58,1,0,2,11,0,2.0,2
140,47,1,22,1,13,1,1.0,2
141,31,2,38,4,15,0,2.0,1
147,22,0,3,0,11,3,3.0,0
148,40,2,22,3,7,0,1.0,1
149,64,0,32,4,10,1,3.0,3
150,29,0,18,3,12,1,4.0,0
161,29,0,19,3,13,2,3.0,0
162,30,1,7,3,9,2,1.0,0
163,34,1,25,1,12,2,3.0,1
164,24,1,19,0,13,3,5.0,0
166,32,0,40,3,1,1,3.0,1
167,41,1,14,4,4,0,3.0,1
169,30,1,39,2,8,2,1.0,0
170,44,0,25,0,13,3,4.0,1
175,42,2,33,4,4,1,4.0,1
182,33,0,36,2,4,0,4.0,1
183,32,0,18,0,8,2,4.0,1
188,37,2,34,3,11,2,1.0,1
192,58,2,16,2,0,2,1.0,2
194,57,1,36,0,9,3,2.0,2
197,30,1,24,3,4,0,3.0,0
198,60,0,1,1,13,0,5.0,2
199,66,2,9,2,15,0,5.0,3
204,43,0,17,1,15,2,3.0,1
205,55,1,39,3,4,2,1.0,2
209,62,2,31,4,4,0,1.0,3
219,65,0,9,4,14,3,2.0,3
220,70,0,39,0,7,3,5.0,3
225,35,0,33,4,12,0,4.0,1
226,53,0,3,0,12,2,4.0,2
229,66,1,27,4,6,3,2.0,3
236,40,1,41,3,14,2,3.0,1
237,31,1,39,2,10,3,4.0,1
240,66,1,32,4,4,3,5.0,3
241,55,1,41,0,11,3,2.0,2
249,35,1,38,3,11,0,3.0,1
250,19,0,34,4,13,2,2.0,0
259,33,1,33,0,1,3,5.0,1
262,48,1,26,2,6,0,2.0,2
264,46,2,39,3,2,3,3.0,2
265,29,1,20,1,11,0,2.0,0
269,64,2,24,3,6,3,3.0,3
270,63,1,40,0,3,2,1.0,3
277,39,0,5,0,14,0,4.0,1
278,21,2,3,4,15,3,5.0,0
280,33,1,7,2,14,0,2.0,1
292,35,0,32,0,11,1,2.0,1
294,58,0,32,2,2,2,3.0,2
296,26,0,27,0,7,3,5.0,0
297,24,1,3,1,2,2,2.0,0
302,44,1,2,2,10,2,1.0,1
304,53,0,2,1,15,0,5.0,2
306,32,0,15,3,10,3,2.0,1
310,53,1,31,4,10,3,2.0,2
311,46,0,6,3,13,0,2.0,2
312,46,0,27,4,1,1,1.0,2
314,30,0,16,1,9,1,2.0,0
317,18,1,3,4,2,0,4.0,4
320,27,2,28,1,15,1,4.0,0
322,70,1,8,3,1,3,3.0,3
325,52,0,26,3,6,2,4.0,2
329,45,0,16,3,12,0,5.0,1
332,21,1,13,4,4,3,2.0,0
333,41,2,31,4,7,2,2.0,1
338,45,1,41,4,11,3,3.0,1
339,33,1,34,2,3,1,1.0,1
342,21,1,38,1,2,0,5.0,0
344,52,2,19,4,8,2,3.0,2
345,54,1,14,4,9,3,5.0,2
349,28,0,20,0,1,1,3.0,0
350,70,2,14,1,11,3,2.0,3
352,47,1,7,3,7,1,2.0,2
353,52,1,28,1,14,0,4.0,2
356,38,1,41,4,2,0,2.0,1
360,42,1,31,1,8,1,5.0,1
361,50,2,6,2,11,0,4.0,2
364,33,1,15,1,9,0,1.0,1
365,22,1,6,0,10,3,3.0,0
370,24,1,34,3,0,1,2.0,0
371,39,2,2,1,1,1,1.0,1
372,32,1,15,3,1,3,5.0,1
373,24,2,16,4,2,2,1.0,0
375,30,0,23,2,14,2,1.0,0
378,42,2,30,3,3,1,4.0,1
380,37,0,16,2,10,1,5.0,1
381,62,1,38,2,14,1,4.0,3
383,37,2,37,3,5,3,3.0,1
385,49,0,17,4,15,0,4.0,2
386,52,1,41,1,6,1,2.0,2
387,22,0,0,0,3,0,4.0,0
390,19,2,7,4,5,2,4.0,0
394,43,0,26,2,14,0,1.0,1
395,21,0,15,4,4,2,2.0,0
402,51,0,37,1,2,3,3.0,2
403,67,2,17,0,7,2,1.0,3
404,69,1,4,1,1,3,2.0,3
408,49,0,11,2,11,1,2.0,2
411,19,1,2,3,6,2,4.0,0
418,47,0,14,4,15,0,2.0,2
428,35,1,32,3,6,2,3.0,1
429,64,1,37,3,3,0,1.0,3
437,69,0,9,1,13,3,4.0,3
438,57,2,24,2,4,3,2.0,2
439,55,2,20,1,8,1,2.0,2
441,39,1,2,4,3,0,2.0,1
443,36,1,8,3,4,2,3.0,1
444,56,0,17,4,5,2,1.0,2
449,47,2,8,3,15,0,1.0,2
453,21,0,29,0,0,3,1.0,0
455,28,1,13,3,2,3,5.0,0
458,58,1,1,3,4,1,5.0,2
459,40,0,33,2,9,1,1.0,1
461,52,2,17,0,4,1,3.0,2
463,51,2,9,2,2,3,2.0,2
467,19,0,27,0,4,0,5.0,0
468,38,0,15,1,8,1,2.0,1
470,65,2,30,3,3,2,3.0,3
472,42,0,36,1,14,2,4.0,1
474,60,2,8,2,0,3,1.0,2
483,37,2,2,4,13,2,5.0,1
484,70,0,8,4,3,0,5.0,3
485,33,0,11,2,11,2,5.0,1
492,66,1,5,0,0,0,4.0,3
495,33,2,12,4,0,3,1.0,1
496,66,2,38,4,7,2,1.0,3
500,66,2,14,1,11,0,5.0,3
501,59,0,8,0,6,2,2.0,2
503,43,0,39,4,2,2,3.0,1
509,40,1,4,2,11,0,5.0,1
511,43,2,9,2,1,2,2.0,1
514,62,2,1,4,4,0,1.0,3
515,54,1,16,4,12,2,2.0,2
516,55,1,11,0,15,2,4.0,2
518,21,0,28,2,0,0,3.0,0
524,38,2,29,3,1,1,3.0,1
525,30,1,25,3,13,0,1.0,0
526,52,0,6,3,5,3,1.0,2
534,48,2,37,4,0,2,2.0,2
536,32,0,27,4,10,2,3.0,1
539,27,2,0,1,2,0,3.0,0
543,18,1,33,3,5,1,2.0,4
555,44,1,18,0,7,1,5.0,1
558,42,1,29,2,10,0,3.0,1
561,44,1,20,4,8,2,3.0,1
564,20,0,39,1,2,2,5.0,0
567,46,0,9,0,10,2,1.0,2
568,44,0,35,2,8,3,4.0,1
574,25,0,0,0,8,0,2.0,0
575,32,0,37,0,3,1,4.0,1
576,66,2,3,2,0,3,1.0,3
580,27,2,35,1,15,3,2.0,0
585,24,1,25,3,13,0,2.0,0
587,52,1,20,3,12,2,2.0,2
589,44,0,33,4,3,2,5.0,1
596,68,1,21,1,3,2,3.0,3
597,37,1,14,4,2,2,4.0,1
598,45,1,15,4,0,3,2.0,1
600,64,2,8,0,7,1,4.0,3
603,48,2,23,3,14,1,5.0,2
604,27,2,18,2,7,3,3.0,0
611,19,0,24,2,8,2,4.0,0
619,59,0,2,4,14,1,4.0,2
620,46,0,9,0,6,1,5.0,2
621,39,2,37,2,0,0,2.0,1
627,19,2,9,0,6,1,2.0,0
635,53,1,8,1,3,0,3.0,2
640,67,1,21,4,6,1,1.0,3
642,31,1,35,0,5,2,2.0,1
643,53,0,26,1,8,1,5.0,2
644,67,1,24,3,14,3,1.0,3
648,52,0,33,3,2,2,3.0,2
654,43,2,28,3,15,1,1.0,1
656,55,0,38,3,12,1,1.0,2
657,57,2,31,4,2,3,2.0,2
662,26,0,1,0,3,3,4.0,0
664,39,0,39,2,13,3,3.0,1
665,64,0,40,1,7,3,2.0,3
670,63,2,39,2,4,2,5.0,3
673,28,0,30,2,15,1,1.0,0
678,20,2,14,1,14,3,3.0,0
679,53,1,29,4,5,2,5.0,2
683,68,2,38,2,13,1,3.0,3
684,39,2,9,4,3,0,3.0,1
688,28,0,37,2,10,2,2.0,0
690,68,2,8,0,5,1,4.0,3
691,41,2,9,2,15,3,1.0,1
697,22,1,6,0,14,3,5.0,0
699,22,0,5,1,10,1,1.0,0
701,63,2,39,4,4,0,5.0,3
703,37,2,12,2,14,0,2.0,1
704,69,1,10,3,6,0,3.0,3
707,58,1,28,1,9,1,5.0,2
711,26,2,13,4,4,2,2.0,0
712,70,2,22,2,12,1,1.0,3
714,37,0,24,3,3,0,5.0,1
717,30,0,31,4,10,2,2.0,0
720,68,2,0,0,7,2,1.0,3
722,50,1,10,4,1,1,1.0,2
728,29,2,22,1,4,3,2.0,0
729,50,0,15,4,6,0,4.0,2
733,49,2,31,1,10,0,4.0,2
734,62,0,6,4,12,0,2.0,3
735,36,1,17,1,6,0,1.0,1
740,45,1,39,4,10,1,1.0,1
743,67,1,17,1,14,1,4.0,3
746,37,1,31,4,10,2,3.0,1
748,47,2,27,4,8,1,2.0,2
752,51,2,40,1,11,2,5.0,2
754,37,0,34,2,9,2,4.0,1
755,26,2,32,3,7,0,2.0,0
760,47,0,36,4,13,3,1.0,2
763,25,0,38,2,2,3,5.0,0
764,37,0,21,0,12,1,1.0,1
765,22,2,41,3,9,0,5.0,0
769,29,0,10,2,6,0,4.0,0
772,49,1,41,1,0,0,5.0,2
776,27,0,8,1,11,0,5.0,0
780,19,0,38,3,5,2,4.0,0
786,35,2,7,3,12,2,1.0,1
790,30,2,20,2,12,2,4.0,0
791,21,0,13,1,15,1,3.0,0
795,46,1,34,3,12,0,1.0,2
798,57,1,18,2,10,3,3.0,2
806,28,0,37,4,10,1,2.0,0
809,41,0,29,3,13,3,4.0,1
815,27,2,31,2,6,3,4.0,0
818,23,0,21,3,12,2,3.0,0
821,29,0,23,1,6,3,3.0,0
827,19,0,14,2,15,1,4.0,0
834,21,1,16,3,6,0,4.0,0
838,27,0,8,1,8,2,3.0,0
840,70,2,31,2,11,2,5.0,3
846,49,0,5,0,11,2,4.0,2
850,53,0,13,3,5,1,1.0,2
852,29,0,37,3,5,1,5.0,0
854,69,0,28,0,1,3,3.0,3
855,67,0,41,0,7,3,2.0,3
857,52,2,34,2,9,2,5.0,2
861,25,2,16,3,5,3,3.0,0
862,23,2,28,3,0,1,2.0,0
863,26,0,9,4,11,0,1.0,0
865,30,0,4,1,14,2,5.0,0
866,33,1,8,3,6,0,3.0,1
875,48,0,6,1,12,2,3.0,2
876,45,2,0,4,9,2,5.0,1
880,19,0,3,0,3,0,2.0,0
883,21,1,37,2,12,1,4.0,0
887,18,0,7,0,10,2,5.0,4
889,37,0,39,4,13,3,2.0,1
892,33,0,22,4,15,2,4.0,1
894,35,2,26,3,13,2,2.0,1
895,69,0,39,0,2,3,5.0,3
896,30,2,17,1,3,0,5.0,0
897,32,1,6,4,8,2,4.0,1
903,29,0,28,0,0,0,3.0,0
907,54,1,7,1,6,2,2.0,2
911,25,0,14,3,8,3,2.0,0
913,29,2,28,2,1,3,4.0,0
917,34,0,14,1,5,0,2.0,1
919,48,0,4,4,10,1,4.0,2
922,43,1,4,2,4,3,3.0,1
926,47,0,5,0,9,0,4.0,2
929,46,0,35,0,6,2,1.0,2
933,60,1,20,4,6,2,1.0,2
937,58,1,32,2,11,2,5.0,2
938,53,0,26,4,10,3,3.0,2
939,41,1,17,1,4,0,2.0,1
944,63,1,32,1,0,1,5.0,3
949,50,2,28,4,9,1,4.0,2
950,64,2,26,1,8,0,3.0,3
953,24,2,0,2,5,2,5.0,0
954,30,0,20,1,12,0,3.0,0
955,20,0,7,1,6,2,5.0,0
956,64,2,39,2,8,3,1.0,3
959,65,2,4,2,1,1,1.0,3
963,33,0,4,1,6,1,5.0,1
964,36,2,7,0,1,0,5.0,1
973,66,2,41,0,9,3,3.0,3
980,36,0,36,4,4,1,3.0,1
986,21,1,25,4,11,3,4.0,0
993,57,2,41,0,5,3,1.0,2
997,43,1,3,0,9,2,4.0,1
999,68,1,15,0,0,0,5.0,3
1004,67,2,6,3,14,0,3.0,3
1006,20,1,2,0,8,1,4.0,0
1008,62,1,41,3,14,3,3.0,3
1009,51,2,33,0,11,3,2.0,2
1010,38,1,25,3,7,0,5.0,1
1012,64,2,26,3,9,1,4.0,3
1015,59,2,35,2,0,2,1.0,2
1017,48,2,13,1,14,0,2.0,2
1019,39,2,6,1,6,2,2.0,1
1021,29,2,41,2,8,2,5.0,0
1029,60,2,26,1,5,2,1.0,2
1030,67,0,39,4,9,2,1.0,3
1032,44,0,38,3,7,1,5.0,1
1034,31,0,7,4,15,2,4.0,1
1037,47,2,29,4,4,0,5.0,2
1039,56,0,6,0,1,0,2.0,2
1040,69,0,15,3,4,0,1.0,3
1042,64,1,21,2,12,0,4.0,3
1045,53,1,29,2,4,1,2.0,2
1047,42,1,26,2,11,0,4.0,1
1048,57,2,24,3,2,3,2.0,2
1060,52,0,27,2,5,2,3.0,2
1062,64,2,30,2,8,2,4.0,3
1063,66,1,38,2,8,2,2.0,3
1067,67,0,16,3,5,0,5.0,3
1068,49,1,23,3,15,1,4.0,2
1069,41,0,36,1,2,3,4.0,1
1071,52,1,27,1,12,0,5.0,2
1072,34,2,25,3,11,0,1.0,1
1073,20,2,2,1,3,0,2.0,0
1089,40,0,22,0,5,3,3.0,1
1091,44,0,33,0,2,2,3.0,1
1094,37,2,20,3,10,3,2.0,1
1101,67,0,41,1,15,0,4.0,3
1104,19,2,32,2,1,3,5.0,0
1109,36,1,28,1,0,1,1.0,1
1110,41,2,17,2,6,1,4.0,1
1113,25,0,11,2,9,3,4.0,0
1117,33,0,17,4,14,3,5.0,1
1124,21,0,8,3,15,3,5.0,0
1126,23,2,31,4,13,3,4.0,0
1129,62,2,10,3,1,3,1.0,3
1135,36,1,21,4,15,3,2.0,1
1142,43,0,40,4,4,2,2.0,1
1145,43,2,25,2,9,3,4.0,1
1150,49,2,36,0,8,2,2.0,2
1153,21,1,7,3,13,3,2.0,0
1157,21,1,14,0,8,3,2.0,0
1164,18,0,40,3,6,2,5.0,4
1165,53,0,22,4,5,0,5.0,2
1166,25,2,37,1,12,2,5.0,0
1168,68,0,13,2,3,1,4.0,3
1171,66,0,1,4,8,1,2.0,3
1174,25,1,15,1,12,2,1.0,0
1177,39,1,30,1,8,0,4.0,1
1182,42,1,38,0,13,0,2.0,1
1183,38,1,25,4,13,0,5.0,1
1185,54,0,40,0,5,0,4.0,2
1187,54,0,38,4,8,1,5.0,2
1188,21,1,9,3,12,1,3.0,0
1189,49,0,5,1,0,0,5.0,2
1190,38,1,16,4,7,2,2.0,1
1193,35,0,41,1,9,3,4.0,1
1198,54,2,11,3,5,3,5.0,2
1205,27,0,12,3,4,2,5.0,0
1207,52,0,21,0,7,1,5.0,2
1208,31,2,2,2,9,2,3.0,1
1212,65,1,16,0,7,0,4.0,3
1216,24,2,22,3,11,1,5.0,0
1217,30,0,41,1,9,0,5.0,0
1223,58,2,3,0,15,1,5.0,2
1228,58,2,37,1,6,1,4.0,2
1231,66,2,0,1,3,3,1.0,3
1239,19,2,7,1,8,1,1.0,0
1242,50,0,19,0,1,2,5.0,2
1247,38,0,30,3,3,3,1.0,1
1249,40,1,22,0,12,2,3.0,1
1255,38,2,16,4,7,3,2.0,1
1256,56,2,18,3,0,1,5.0,2
1264,35,1,37,4,7,1,5.0,1
1265,62,0,26,0,8,3,5.0,3
1266,27,2,11,4,8,0,5.0,0
1269,62,0,9,0,2,2,4.0,3
1271,47,1,22,1,5,0,1.0,2
1276,25,1,13,0,3,3,2.0,0
1277,29,0,5,2,4,1,1.0,0
1278,48,0,20,0,11,1,4.0,2
1280,53,2,10,3,1,1,1.0,2
1282,48,0,17,2,11,2,1.0,2
1293,50,2,10,1,6,0,2.0,2
1295,21,1,25,1,10,1,5.0,0
1296,66,1,1,0,15,3,2.0,3
1298,63,0,23,0,8,2,4.0,3
1300,63,1,35,3,13,3,2.0,3
1305,66,0,20,1,10,2,4.0,3
1306,63,2,24,3,5,0,3.0,3
1309,59,1,25,0,9,1,5.0,2
1310,56,2,6,2,12,3,4.0,2
1311,65,0,36,3,15,3,1.0,3
1313,28,0,34,1,15,3,3.0,0
1315,67,1,21,3,8,2,5.0,3
1316,40,0,8,3,3,0,1.0,1
1319,34,0,30,4,8,0,1.0,1
1328,55,2,8,4,1,0,2.0,2
1329,38,0,27,2,1,2,3.0,1
1331,38,1,5,4,8,2,3.0,1
1332,69,0,38,2,1,2,5.0,3
1333,70,1,14,0,2,0,5.0,3
1335,31,1,41,0,14,1,5.0,1
1336,33,0,14,0,9,2,5.0,1
1339,45,0,25,3,3,1,5.0,1
1341,20,1,15,2,8,3,2.0,0
1343,51,0,35,0,8,0,2.0,2
1346,64,0,9,3,11,0,4.0,3
1350,46,0,18,4,13,3,1.0,2
1351,18,1,21,3,2,3,4.0,4
1353,69,1,32,4,9,2,5.0,3
1354,46,0,41,0,11,0,3.0,2
1355,58,2,25,3,10,2,1.0,2
1356,45,1,34,4,4,0,2.0,1
1357,36,1,24,0,1,0,3.0,1
1361,51,1,0,1,11,2,3.0,2
1370,46,1,5,4,3,3,5.0,2
1372,30,0,32,3,11,0,1.0,0
1373,46,1,17,0,2,3,3.0,2
1377,36,1,16,2,9,1,3.0,1
1378,49,0,16,1,5,1,1.0,2
1382,65,0,36,2,8,1,5.0,3
1383,31,1,29,4,0,3,2.0,1
1390,45,2,34,4,9,3,1.0,1
1395,36,1,14,0,1,2,2.0,1
1397,66,1,2,0,11,2,4.0,3
1399,52,0,29,3,1,2,2.0,2
1405,61,2,32,0,7,1,4.0,3
1411,32,2,28,0,6,2,5.0,1
1416,67,0,27,4,4,1,1.0,3
1417,59,1,27,1,8,1,5.0,2
1426,67,2,3,4,6,3,3.0,3
1427,58,2,32,4,8,1,5.0,2
1432,30,2,41,0,4,2,2.0,0
1433,33,2,7,3,12,1,1.0,1
1434,46,1,28,0,4,1,5.0,2
1443,29,1,18,4,12,0,3.0,0
1444,63,1,21,3,4,3,3.0,3
1450,69,1,8,1,9,1,2.0,3
1452,35,2,11,1,13,3,4.0,1
1456,34,2,11,0,7,3,5.0,1
1457,29,0,21,3,14,2,2.0,0
1465,34,1,18,3,9,3,5.0,1
1467,34,2,33,2,9,2,5.0,1
1468,56,0,6,4,13,3,4.0,2
1480,34,0,11,1,13,0,4.0,1
1481,28,2,21,1,7,1,4.0,0
1483,33,0,17,3,13,1,2.0,1
1486,30,1,3,1,10,2,3.0,0
1487,50,0,38,2,11,2,4.0,2
1489,49,0,0,4,13,0,3.0,2
1490,58,0,23,3,0,2,1.0,2
1491,49,2,32,2,12,1,5.0,2
1492,34,0,16,3,4,2,3.0,1
1493,55,2,10,0,13,3,4.0,2
1495,58,2,37,1,1,0,5.0,2
1498,59,0,5,2,11,1,2.0,2
1503,57,1,2,4,4,0,2.0,2
1513,39,1,9,1,1,1,3.0,1
1523,26,1,1,1,6,1,5.0,0
1526,21,2,24,2,8,1,4.0,0
1527,23,1,1,3,6,3,5.0,0
1528,70,2,39,3,15,0,1.0,3
1529,36,0,13,4,10,2,1.0,1
1532,68,0,17,3,14,1,4.0,3
1535,66,1,6,2,12,1,4.0,3
1540,50,1,2,4,15,2,5.0,2
1544,33,0,37,4,8,3,1.0,1
1546,46,2,21,4,6,0,3.0,2
1548,54,1,13,2,15,3,3.0,2
1553,29,2,27,0,7,1,2.0,0
1557,20,1,4,4,9,0,3.0,0
1563,64,0,14,2,14,3,4.0,3
1568,47,2,16,4,6,3,1.0,2
1573,25,1,22,0,4,3,4.0,0
1577,38,0,4,4,4,1,2.0,1
1580,62,0,6,4,15,0,3.0,3
1582,23,2,11,1,12,2,4.0,0
1583,61,0,0,0,10,1,2.0,3
1588,55,0,39,4,12,0,1.0,2
1589,61,0,29,1,11,3,5.0,3
1590,53,1,30,2,10,3,1.0,2
1593,56,1,13,3,5,1,1.0,2
1595,27,1,7,2,15,0,5.0,0
1596,31,1,20,4,2,1,4.0,1
1598,39,0,8,0,4,1,3.0,1
1601,48,0,3,0,12,3,1.0,2
1602,34,1,35,4,9,3,4.0,1
1603,30,0,30,4,1,0,5.0,0
1611,66,2,27,1,9,3,3.0,3
1612,56,0,30,3,0,3,2.0,2
1613,47,2,2,1,14,2,1.0,2
1614,60,0,12,4,1,3,3.0,2
1617,20,0,18,3,10,2,1.0,0
1618,63,0,10,3,14,0,1.0,3
1622,56,2,38,0,10,3,5.0,2
1623,52,0,14,1,12,2,4.0,2
1628,52,1,23,3,6,3,2.0,2
1629,51,0,18,1,8,3,4.0,2
1640,36,2,20,3,11,2,4.0,1
1647,46,1,8,0,8,0,1.0,2
1649,27,1,35,3,12,0,1.0,0
1651,18,0,21,4,10,3,2.0,4
1652,68,1,11,2,11,1,2.0,3
1653,57,0,18,0,4,3,4.0,2
1655,27,0,14,3,2,1,4.0,0
1659,55,0,19,2,6,1,4.0,2
1660,29,1,6,0,4,3,5.0,0
1662,50,0,0,4,8,3,1.0,2
1664,69,2,22,3,4,3,5.0,3
1668,69,1,41,3,7,0,4.0,3
1669,45,1,29,1,0,3,4.0,1
1673,68,2,35,0,5,2,5.0,3
1674,68,0,12,1,9,1,5.0,3
1676,63,0,26,3,3,2,4.0,3
1679,18,2,26,3,1,3,2.0,4
1685,70,0,1,3,11,2,3.0,3
1686,27,2,21,2,13,0,2.0,0
1691,42,2,20,3,14,0,3.0,1
1699,53,0,31,4,13,1,2.0,2
1700,24,1,37,0,2,1,5.0,0
1702,54,0,13,3,13,0,2.0,2
1703,59,1,3,1,9,0,4.0,2
1705,21,1,20,0,14,1,2.0,0
1709,62,1,5,2,1,1,4.0,3
1710,29,0,11,2,6,0,2.0,0
1714,27,0,38,3,8,0,2.0,0
1715,20,0,25,3,10,2,1.0,0
1717,51,1,25,4,13,3,3.0,2
1718,30,1,31,1,5,0,5.0,0
1721,41,1,10,3,2,2,1.0,1
1722,31,2,39,4,1,2,1.0,1
1724,36,0,0,3,8,3,1.0,1
1726,47,1,39,1,14,0,1.0,2
1731,34,1,36,2,14,1,2.0,1
1732,39,1,40,4,7,3,2.0,1
1734,25,0,36,4,1,0,3.0,0
1736,41,1,17,1,13,3,5.0,1
1741,22,2,40,4,7,0,3.0,0
1742,22,1,22,4,9,0,5.0,0
1747,36,0,25,2,8,1,1.0,1
1752,69,1,25,2,3,0,5.0,3
1754,29,1,20,0,13,3,5.0,0
1755,35,2,8,4,5,0,3.0,1
1761,50,1,4,2,7,3,5.0,2
1764,40,0,27,3,10,0,2.0,1
1765,23,2,32,3,0,1,5.0,0
1767,57,0,30,3,9,0,4.0,2
1772,48,2,13,2,10,2,3.0,2
1778,35,1,34,4,13,0,3.0,1
1781,45,0,17,3,8,3,3.0,1
1782,66,1,35,4,0,2,2.0,3
1783,63,1,10,4,1,1,3.0,3
1784,62,1,35,3,4,0,3.0,3
1785,56,2,1,3,6,1,4.0,2
1804,43,2,37,3,9,3,1.0,1
1805,42,0,39,3,4,3,1.0,1
1806,59,0,24,3,0,2,5.0,2
1807,48,1,3,0,1,2,5.0,2
1812,61,0,36,0,15,1,5.0,3
1819,34,1,41,4,1,3,1.0,1
1824,66,0,16,4,8,3,1.0,3
1825,55,0,7,0,6,0,2.0,2
1827,63,2,1,2,4,3,2.0,3
1835,51,2,20,4,0,0,4.0,2
1837,28,1,7,0,7,1,5.0,0
1838,18,2,19,3,15,0,4.0,4
1845,38,2,1,2,5,2,4.0,1
1846,27,1,27,4,13,0,3.0,0
1852,67,0,37,4,1,2,2.0,3
1853,49,2,28,4,12,2,2.0,2
1857,45,0,17,4,12,3,2.0,1
1861,38,1,11,2,6,0,5.0,1
1864,33,0,39,2,0,2,3.0,1
1865,36,0,13,4,2,0,4.0,1
1866,54,2,37,3,15,2,2.0,2
1875,43,1,38,2,6,1,4.0,1
1882,48,0,31,2,7,3,2.0,2
1884,49,1,6,3,8,1,1.0,2
1886,59,1,24,1,11,0,1.0,2
1887,33,2,29,1,4,0,2.0,1
1895,52,2,22,1,7,0,3.0,2
1896,22,1,8,2,10,3,3.0,0
1897,58,2,8,4,2,1,3.0,2
1901,35,0,18,1,10,2,3.0,1
1902,19,2,36,1,6,1,3.0,0
1905,34,1,16,3,12,0,4.0,1
1916,29,2,23,1,13,2,5.0,0
1917,36,1,33,2,5,1,3.0,1
1918,28,0,28,2,1,3,5.0,0
1919,22,1,38,0,1,0,2.0,0
1921,56,1,13,3,8,3,1.0,2
1925,61,2,9,2,9,0,1.0,3
1927,41,0,22,4,0,1,5.0,1
1932,30,2,41,2,1,2,5.0,0
1935,29,2,21,3,1,0,2.0,0
1938,37,2,17,0,11,2,5.0,1
1940,59,0,13,3,9,3,5.0,2
1944,43,0,10,3,0,3,2.0,1
1949,43,2,19,1,15,0,2.0,1
1950,70,0,22,1,15,1,1.0,3
1954,61,2,2,0,12,2,5.0,3
1956,24,0,8,4,15,2,1.0,0
1957,60,1,7,3,6,1,3.0,2
1961,31,0,36,0,13,0,1.0,1
1965,30,0,6,0,0,0,4.0,0
1967,19,1,1,0,14,0,2.0,0
1977,59,1,21,3,0,0,3.0,2
1978,28,1,0,2,8,1,4.0,0
1980,63,1,29,4,4,0,1.0,3
1984,39,0,32,4,12,1,3.0,1
1991,30,2,38,2,5,1,2.0,0
1993,66,1,33,0,4,1,1.0,3
1994,68,0,7,3,10,0,4.0,3
1997,28,0,32,0,12,1,2.0,0
2003,60,1,29,1,8,0,1.0,2
2007,55,2,4,3,14,3,3.0,2
2011,39,1,21,1,4,3,1.0,1
2022,62,2,20,0,10,3,4.0,3
2030,29,0,37,2,2,1,4.0,0
2035,61,1,8,1,9,1,3.0,3
2036,48,0,4,0,4,3,4.0,2
2061,22,1,24,1,14,1,5.0,0
2063,64,2,24,3,7,1,4.0,3
2065,53,2,26,4,2,2,5.0,2
2067,63,2,1,3,14,0,5.0,3
2071,46,0,17,0,15,3,4.0,2
2074,21,1,38,1,7,2,3.0,0
2077,58,2,29,4,5,3,4.0,2
2082,34,2,41,3,15,2,5.0,1
2085,33,1,29,2,12,3,4.0,1
2089,60,2,21,3,0,3,4.0,2
2091,34,0,25,1,7,1,5.0,1
2094,48,2,20,1,5,1,3.0,2
2096,45,1,17,3,14,2,3.0,1
2097,31,1,40,2,7,2,3.0,1
2100,66,1,1,1,14,2,5.0,3
2101,18,0,31,0,6,1,4.0,4
2103,22,0,21,2,15,1,2.0,0
2104,27,2,1,4,15,2,1.0,0
2106,46,0,10,3,14,3,1.0,2
2109,45,1,26,2,11,2,4.0,1
2115,67,1,13,3,10,3,3.0,3
2124,38,0,31,4,12,3,3.0,1
2127,36,0,22,3,10,3,2.0,1
2128,19,2,22,1,14,0,3.0,0
2129,41,1,10,1,12,3,5.0,1
2131,54,0,15,2,13,1,1.0,2
2134,28,0,6,2,1,3,4.0,0
2138,38,2,15,1,15,2,3.0,1
2139,65,2,10,0,15,0,2.0,3
2142,50,0,9,4,1,0,5.0,2
2144,28,0,25,2,15,3,2.0,0
2152,25,0,15,3,6,0,3.0,0
2154,69,0,9,2,9,1,5.0,3
2155,22,0,22,0,5,0,5.0,0
2160,54,1,27,0,0,2,4.0,2
2162,44,2,0,0,9,1,5.0,1
2166,49,0,22,2,12,3,5.0,2
2173,54,1,12,3,11,3,5.0,2
2177,30,1,18,0,14,2,2.0,0
2179,50,0,29,2,0,1,4.0,2
2184,38,0,30,3,14,0,4.0,1
2187,32,0,17,3,10,2,2.0,1
2193,49,0,27,0,11,1,5.0,2
2197,60,2,4,1,2,3,4.0,2
2199,28,2,10,0,9,1,3.0,0
2202,53,0,32,2,13,0,4.0,2
2206,21,2,27,1,14,2,4.0,0
2207,51,0,36,4,1,0,2.0,2
2211,63,1,2,3,6,0,3.0,3
2215,29,0,37,4,15,0,3.0,0
2216,44,0,16,0,7,3,5.0,1
2221,53,0,37,3,5,0,1.0,2
2222,67,1,5,0,11,1,3.0,3
2225,70,1,39,1,8,2,5.0,3
2226,61,2,32,2,12,3,4.0,3
2228,60,0,38,4,7,2,3.0,2
2229,54,2,36,3,2,1,4.0,2
2231,40,0,29,4,9,1,5.0,1
2236,50,2,30,4,6,1,3.0,2
2244,54,1,41,4,10,0,3.0,2
2245,59,2,2,2,11,0,1.0,2
2246,42,1,21,2,1,0,5.0,1
2247,61,1,22,4,3,3,2.0,3
2249,18,1,40,0,14,0,4.0,4
2251,25,2,24,2,15,2,3.0,0
2252,48,0,1,1,13,1,3.0,2
2254,54,1,32,0,9,0,3.0,2
2261,58,0,36,1,4,1,3.0,2
2262,57,2,20,3,5,2,2.0,2
2266,59,2,10,2,10,3,1.0,2
2269,38,2,34,4,14,1,3.0,1
2271,48,1,33,0,12,0,4.0,2
2273,21,1,9,2,12,2,1.0,0
2276,52,1,6,4,10,3,1.0,2
2280,60,2,10,3,0,3,2.0,2
2285,65,0,27,3,13,1,4.0,3
2289,54,0,16,1,2,1,2.0,2
2294,62,0,31,1,0,1,1.0,3
2306,19,0,40,3,15,1,3.0,0
2311,35,1,28,3,11,2,1.0,1
2313,49,1,6,1,6,2,3.0,2
2314,41,0,39,4,9,3,1.0,1
2320,61,1,39,4,8,0,3.0,3
2321,47,1,14,4,6,0,1.0,2
2322,48,0,30,2,2,3,3.0,2
2323,33,0,25,2,12,0,5.0,1
2324,22,1,41,0,11,2,2.0,0
2326,28,1,38,3,3,1,3.0,0
2328,41,0,3,0,1,2,4.0,1
2337,29,1,2,4,9,0,1.0,0
2338,56,0,38,3,13,1,2.0,2
2340,26,1,37,4,8,0,3.0,0
2341,48,1,14,4,12,1,2.0,2
2344,68,1,17,1,7,0,3.0,3
2345,43,1,19,2,1,2,2.0,1
2346,68,0,5,2,10,0,5.0,3
2351,20,0,6,0,11,2,5.0,0
2357,44,0,35,1,5,1,5.0,1
2358,56,1,12,4,1,3,1.0,2
2360,51,0,4,4,15,2,1.0,2
2361,25,0,14,0,11,3,3.0,0
2362,58,1,37,0,4,0,1.0,2
2364,46,2,16,3,11,3,4.0,2
2367,49,2,4,3,12,0,4.0,2
2371,42,1,21,1,7,2,2.0,1
2372,60,1,4,4,11,3,1.0,2
2377,45,1,24,2,2,1,2.0,1
2378,50,2,37,4,15,2,2.0,2
2387,67,0,30,0,8,3,1.0,3
2390,30,2,37,4,5,2,1.0,0
2392,41,2,39,3,1,2,4.0,1
2394,23,0,41,3,3,1,1.0,0
2397,28,1,2,3,2,1,1.0,0
2401,29,0,41,0,12,2,2.0,0
2402,67,0,14,2,9,3,2.0,3
2403,41,0,4,3,8,1,2.0,1
2409,41,2,5,1,10,3,5.0,1
2410,36,2,11,4,15,2,5.0,1
2411,59,1,26,4,4,2,2.0,2
2412,41,0,31,4,15,0,5.0,1
2413,26,0,27,2,4,0,4.0,0
2415,69,2,40,4,9,0,3.0,3
2416,66,1,2,3,2,0,3.0,3
2420,28,1,30,3,6,1,1.0,0
2421,52,1,39,1,2,1,3.0,2
2425,65,1,8,2,7,1,3.0,3
2430,61,2,12,3,14,2,3.0,3
2438,65,2,16,3,13,0,5.0,3
2440,56,0,10,2,11,1,3.0,2
2441,46,0,14,1,15,0,3.0,2
2449,58,0,8,1,10,3,3.0,2
2451,47,2,36,3,11,2,3.0,2
2453,52,2,3,1,6,0,2.0,2
2455,51,0,41,3,4,3,4.0,2
2460,37,2,21,4,11,1,1.0,1
2464,50,1,25,2,15,2,5.0,2
2465,21,2,23,2,11,3,3.0,0
2466,68,2,40,0,7,3,1.0,3
2467,66,2,18,2,4,2,3.0,3
2469,62,2,15,0,5,0,4.0,3
2470,58,1,20,1,13,0,1.0,2
2471,59,2,24,4,3,1,3.0,2
2472,53,0,22,4,8,3,4.0,2
2473,53,2,35,4,7,2,4.0,2
2476,54,2,40,3,7,1,2.0,2
2478,21,0,21,4,11,3,3.0,0
2485,54,0,11,4,9,3,2.0,2
2487,20,0,21,2,8,3,4.0,0
2488,30,0,0,1,1,1,1.0,0
2491,39,0,2,4,1,1,1.0,1
2492,35,0,25,0,11,1,2.0,1
2506,24,1,3,3,8,0,3.0,0
2516,42,0,2,4,6,2,1.0,1
2517,36,1,28,1,13,3,3.0,1
2522,32,1,29,4,13,1,4.0,1
2529,21,0,17,0,3,3,1.0,0
2531,67,2,32,4,9,0,5.0,3
2533,50,2,17,0,4,3,1.0,2
2535,38,0,31,1,1,2,4.0,1
2539,59,1,31,0,11,2,4.0,2
2540,57,0,26,4,11,2,4.0,2
2544,63,0,9,2,0,2,2.0,3
2547,48,0,0,2,5,2,3.0,2
2548,38,2,35,3,8,1,5.0,1
2554,51,2,41,0,7,2,5.0,2
2555,47,0,26,2,2,0,5.0,2
2556,35,0,34,4,7,2,3.0,1
2567,63,1,31,2,4,2,1.0,3
2573,50,0,20,3,13,1,1.0,2
2575,29,1,33,1,8,0,4.0,0
2579,48,2,38,4,3,0,3.0,2
2586,62,1,22,3,13,3,5.0,3
2587,46,0,8,3,4,0,5.0,2
2588,20,0,39,3,15,0,2.0,0
2589,40,0,7,2,14,1,4.0,1
2590,36,0,39,2,11,2,3.0,1
2596,70,1,6,1,8,1,1.0,3
2607,57,1,28,3,7,1,3.0,2
2609,41,2,10,1,5,3,4.0,1
2611,64,2,1,0,3,0,1.0,3
2612,44,2,11,0,15,1,2.0,1
2618,59,2,40,0,0,1,3.0,2
2621,29,2,31,2,13,2,5.0,0
2628,66,0,14,3,4,2,2.0,3
2629,69,0,0,0,2,0,5.0,3
2630,45,2,4,2,5,0,3.0,1
2636,64,2,24,0,4,3,3.0,3
2637,55,0,35,3,5,3,2.0,2
2638,51,2,1,3,7,1,1.0,2
2643,46,2,7,0,7,0,3.0,2
2644,31,1,14,2,0,3,1.0,1
2645,62,1,36,2,10,3,3.0,3
2648,31,0,1,0,6,3,4.0,1
2649,31,1,18,2,12,3,3.0,1
2650,32,1,13,3,13,2,1.0,1
2651,36,1,30,3,1,1,3.0,1
2656,18,1,1,3,2,1,5.0,4
2660,28,1,40,4,7,2,4.0,0
2661,51,1,26,1,7,2,3.0,2
2670,57,1,30,1,14,2,2.0,2
2673,62,1,14,3,11,2,1.0,3
2678,69,2,41,4,11,1,3.0,3
2679,63,2,28,2,5,1,3.0,3
2682,30,1,34,2,13,0,2.0,0
2683,34,2,13,0,6,3,4.0,1
2686,67,1,7,0,4,1,2.0,3
2695,18,1,25,1,9,1,2.0,4
2698,28,0,26,2,1,2,2.0,0
2700,63,0,2,4,4,3,1.0,3
2701,44,1,33,2,9,0,3.0,1
2702,39,1,13,2,10,2,5.0,1
2704,29,0,41,1,5,2,4.0,0
2711,53,2,17,0,13,0,3.0,2
2715,27,0,33,4,12,1,3.0,0
2717,19,0,32,1,1,3,5.0,0
2726,20,0,26,2,9,2,4.0,0
2728,19,2,40,2,14,0,3.0,0
2729,28,2,6,0,3,1,3.0,0
2733,30,1,32,0,2,0,1.0,0
2736,65,2,38,2,4,1,2.0,3
2738,70,0,11,1,4,0,5.0,3
2739,28,0,6,0,8,1,2.0,0
2741,62,0,2,3,15,2,1.0,3
2751,33,1,14,2,11,0,4.0,1
2752,44,0,32,2,0,1,1.0,1
2753,39,1,9,1,6,1,1.0,1
2754,23,0,17,3,3,3,1.0,0
2755,53,0,20,0,1,2,5.0,2
2759,22,0,3,2,0,1,1.0,0
2762,65,1,23,4,14,1,3.0,3
2766,31,0,20,2,15,2,5.0,1
2770,22,1,41,0,7,3,3.0,0
2772,69,2,18,4,12,2,5.0,3
2773,58,0,7,2,15,3,3.0,2
2779,41,1,24,1,15,0,3.0,1
2780,41,0,20,3,2,0,5.0,1
2783,48,2,0,2,12,3,5.0,2
2787,67,0,10,2,15,1,2.0,3
2795,33,2,29,4,6,3,5.0,1
2800,34,1,4,0,3,0,4.0,1
2801,66,1,0,1,10,1,5.0,3
2803,53,1,9,1,4,0,4.0,2
2807,56,2,24,4,6,1,5.0,2
2808,49,0,32,4,2,1,5.0,2
2809,54,0,28,2,6,3,3.0,2
2810,34,0,9,1,12,3,3.0,1
2811,19,0,5,4,13,3,3.0,0
2815,64,0,2,0,2,0,1.0,3
2817,70,1,28,2,4,1,5.0,3
2818,39,1,11,4,10,3,3.0,1
2820,56,2,39,4,6,2,5.0,2
2822,52,1,16,2,13,2,2.0,2
2828,39,2,1,4,1,0,3.0,1
2832,56,1,9,4,15,2,1.0,2
2838,52,0,8,0,9,2,1.0,2
2839,32,2,12,1,9,2,4.0,1
2841,65,1,17,1,8,0,1.0,3
2842,39,1,31,0,10,2,4.0,1
2845,37,2,9,4,4,0,1.0,1
2847,45,0,1,4,0,0,2.0,1
2849,70,2,18,3,2,0,3.0,3
2853,44,0,19,3,11,0,2.0,1
2854,54,0,40,0,9,2,5.0,2
2856,27,0,22,4,3,2,1.0,0
2859,57,2,29,4,12,2,5.0,2
2862,22,1,11,1,1,2,1.0,0
2871,42,2,41,2,9,2,5.0,1
2874,34,2,41,4,14,0,4.0,1
2877,42,2,13,2,5,2,1.0,1
2880,50,1,21,0,6,0,4.0,2
2883,56,0,34,1,2,0,2.0,2
2889,60,1,31,3,6,2,5.0,2
2892,54,1,37,2,8,2,1.0,2
2900,56,2,25,2,0,0,1.0,2
2903,64,0,11,0,10,0,5.0,3
2904,52,1,17,3,1,3,2.0,2
2908,51,2,9,2,12,1,4.0,2
2910,36,2,4,4,8,1,2.0,1
2913,70,0,6,1,3,2,1.0,3
2914,40,0,12,3,1,3,4.0,1
2917,51,2,32,1,13,0,1.0,2
2919,70,2,33,0,7,2,3.0,3
2921,42,0,29,0,7,0,2.0,1
2927,69,0,41,3,6,2,2.0,3
2928,64,2,41,3,1,1,2.0,3
2929,66,1,31,1,10,1,3.0,3
2933,44,2,36,3,0,1,4.0,1
2934,50,0,16,1,3,0,5.0,2
2937,20,0,9,4,8,1,4.0,0
2938,34,1,17,0,7,3,3.0,1
2946,39,2,27,4,8,2,1.0,1
2954,60,1,32,4,0,1,1.0,2
2955,43,1,3,2,7,0,1.0,1
2966,60,1,25,1,14,0,4.0,2
2967,18,2,8,4,0,3,2.0,4
2968,45,0,37,2,0,0,5.0,1
2969,33,2,15,2,11,2,2.0,1
2974,52,1,25,2,1,3,1.0,2
2975,66,2,8,3,7,2,3.0,3
2984,49,2,1,0,2,3,1.0,2
2987,34,0,34,0,15,2,4.0,1
2988,50,0,9,2,2,0,2.0,2
2992,57,2,2,3,7,3,4.0,2
2995,63,0,3,4,11,0,4.0,3
2999,44,0,29,3,6,3,5.0,1
3000,34,2,23,4,1,3,5.0,1
3001,26,0,22,2,3,1,4.0,0
3005,28,0,22,1,14,2,1.0,0
3007,44,1,40,2,2,2,1.0,1
3008,41,0,33,3,6,3,5.0,1
3011,27,0,8,3,9,3,4.0,0
3012,43,1,34,2,9,1,5.0,1
3013,24,1,30,4,15,2,5.0,0
3014,69,0,26,3,3,2,5.0,3
3019,42,0,7,1,15,0,2.0,1
3021,64,0,24,1,7,2,5.0,3
3022,67,2,4,1,9,2,1.0,3
3029,67,0,17,2,8,0,5.0,3
3030,29,1,1,3,12,1,4.0,0
3031,38,1,1,4,6,3,5.0,1
3033,21,0,1,3,10,3,1.0,0
3034,65,2,34,3,8,1,5.0,3
3036,34,0,22,1,12,0,1.0,1
3040,42,0,29,3,12,1,3.0,1
3041,57,1,41,0,11,3,2.0,2
3044,42,1,23,2,0,1,4.0,1
3045,34,1,41,2,10,3,1.0,1
3048,61,0,13,3,13,0,2.0,3
3050,62,2,12,4,7,2,2.0,3
3052,34,0,20,1,13,2,1.0,1
3054,31,0,13,0,9,0,2.0,1
3059,52,1,37,2,13,1,2.0,2
3062,59,1,12,3,15,0,4.0,2
3063,34,0,9,1,7,3,5.0,1
3065,41,1,36,4,2,0,5.0,1
3066,62,0,26,3,7,1,1.0,3
3069,34,2,25,2,11,0,3.0,1
3070,41,0,38,0,3,3,4.0,1
3074,42,0,41,1,11,3,1.0,1
3075,42,0,21,2,11,2,1.0,1
3078,28,1,8,4,11,3,2.0,0
3080,25,1,8,3,6,2,5.0,0
3090,68,2,8,1,4,0,3.0,3
3093,52,2,19,4,14,0,3.0,2
3097,35,2,35,4,9,3,3.0,1
3099,19,1,18,3,0,3,2.0,0
3101,36,0,13,3,7,2,3.0,1
3105,39,2,36,2,11,1,4.0,1
3113,38,0,36,3,0,2,2.0,1
3115,20,0,28,2,12,0,2.0,0
3116,21,1,26,1,11,1,2.0,0
3121,32,2,26,4,1,0,4.0,1
3122,31,1,20,0,7,1,5.0,1
3123,61,0,9,4,14,2,3.0,3
3130,70,2,18,2,2,2,5.0,3
3131,54,0,12,0,15,1,1.0,2
3132,27,2,19,3,1,1,3.0,0
3136,18,0,32,0,9,3,1.0,4
3137,42,1,19,2,7,2,2.0,1
3140,32,1,15,2,1,2,4.0,1
3142,36,1,32,4,5,1,2.0,1
3144,36,0,25,0,15,3,4.0,1
3146,45,1,39,3,9,2,1.0,1
3151,19,2,0,3,15,3,5.0,0
3154,52,2,27,0,7,2,2.0,2
3156,50,0,1,2,11,1,2.0,2
3157,36,1,17,3,12,0,5.0,1
3170,60,1,28,4,2,3,5.0,2
3172,52,0,41,4,6,2,1.0,2
3178,21,2,2,4,0,3,1.0,0
3179,50,2,36,0,5,3,2.0,2
3181,25,2,29,4,10,3,2.0,0
3182,55,2,41,4,14,2,5.0,2
3185,55,0,7,1,6,3,2.0,2
3187,49,0,33,4,0,0,1.0,2
3188,35,1,13,0,14,2,1.0,1
3191,44,1,39,3,7,3,2.0,1
3194,30,0,36,0,1,2,1.0,0
3196,62,0,31,4,0,2,3.0,3
3197,40,1,35,0,2,1,2.0,1
3208,58,0,5,1,6,2,2.0,2
3209,40,0,31,2,6,0,4.0,1
3210,23,2,11,1,14,0,1.0,0
3212,41,1,3,3,14,3,1.0,1
3215,51,1,18,0,0,0,2.0,2
3222,57,2,1,3,9,1,4.0,2
3225,19,0,2,2,6,3,4.0,0
3229,59,2,26,2,11,3,2.0,2
3234,51,2,2,3,3,2,5.0,2
3242,37,0,10,0,8,3,4.0,1
3243,58,0,29,0,14,1,1.0,2
3244,44,2,24,0,0,2,4.0,1
3245,18,0,31,2,4,0,2.0,4
3250,42,2,32,0,9,2,5.0,1
3251,29,1,40,3,0,0,3.0,0
3255,58,0,11,2,1,0,2.0,2
3258,46,2,28,1,11,0,2.0,2
3261,58,0,7,1,5,0,4.0,2
3263,29,0,21,2,7,2,2.0,0
3267,55,1,26,3,10,1,2.0,2
3271,53,0,9,0,13,2,3.0,2
3273,27,0,19,3,2,2,2.0,0
3275,58,0,38,3,11,0,4.0,2
3280,64,0,30,3,12,3,3.0,3
3284,50,1,14,1,11,2,1.0,2
3285,58,0,32,1,4,0,1.0,2
3289,39,2,34,4,9,0,1.0,1
3291,63,1,16,4,0,1,4.0,3
3292,43,0,35,1,9,1,5.0,1
3293,34,1,9,2,5,3,5.0,1
3297,63,2,37,3,12,2,4.0,3
3298,55,2,1,0,9,3,4.0,2
3302,66,0,30,4,5,2,4.0,3
3303,60,1,39,2,12,2,3.0,2
3311,36,1,3,1,3,2,1.0,1
3313,24,0,9,2,5,3,3.0,0
3315,36,0,15,3,13,3,3.0,1
3317,68,1,27,4,14,1,2.0,3
3321,19,2,37,3,12,2,3.0,0
3327,70,0,25,2,3,3,5.0,3
3329,19,2,40,4,2,1,3.0,0
3334,42,0,7,2,2,0,4.0,1
3335,52,2,8,3,13,1,1.0,2
3336,23,2,0,4,13,1,4.0,0
3338,31,0,3,2,11,3,4.0,1
3340,40,1,3,0,0,3,3.0,1
3346,65,1,5,3,7,3,3.0,3
3348,65,2,39,2,12,3,3.0,3
3350,18,1,12,3,1,1,5.0,4
3352,65,1,4,2,10,0,4.0,3
3355,52,0,32,3,1,3,1.0,2
3359,35,0,2,4,14,1,3.0,1
3361,62,2,31,3,12,0,5.0,3
3362,26,1,25,3,6,2,1.0,0
3365,55,1,13,1,12,2,1.0,2
3369,57,2,30,0,13,0,2.0,2
3370,34,0,27,1,3,3,2.0,1
3374,47,2,2,4,0,3,1.0,2
3376,48,0,20,4,3,3,1.0,2
3378,27,1,36,2,11,2,3.0,0
3379,35,2,35,3,4,2,4.0,1
3381,65,1,28,1,2,1,1.0,3
3382,57,2,0,1,14,0,1.0,2
3384,23,0,11,0,15,0,4.0,0
3387,62,1,15,3,6,0,4.0,3
3389,53,2,2,4,2,1,4.0,2
3390,57,1,3,0,10,2,2.0,2
3392,56,2,8,3,13,0,4.0,2
3395,65,0,12,1,4,3,1.0,3
3397,49,1,22,1,4,2,2.0,2
3398,60,0,18,2,12,3,3.0,2
3399,53,2,30,3,3,1,1.0,2
3404,24,2,38,3,5,2,1.0,0
3407,60,0,5,3,13,1,2.0,2
3412,65,1,32,0,10,0,3.0,3
3417,33,1,22,3,8,1,5.0,1
3420,33,0,4,4,13,1,4.0,1
3423,54,1,16,1,7,3,5.0,2
3425,49,2,21,3,10,0,5.0,2
3426,42,1,16,1,14,2,3.0,1
3432,21,1,7,1,3,3,4.0,0
3439,33,1,19,2,13,2,1.0,1
3443,42,0,37,2,1,2,5.0,1
3446,69,2,38,2,10,1,3.0,3
3459,20,0,3,2,1,0,4.0,0
3460,39,1,19,4,13,3,5.0,1
3466,18,0,16,3,5,3,4.0,4
3470,32,0,9,0,7,0,3.0,1
3473,54,2,35,2,11,0,5.0,2
3476,32,0,3,0,3,1,3.0,1
3477,34,2,31,3,9,2,5.0,1
3478,33,1,32,3,15,3,5.0,1
3479,21,2,9,1,1,3,1.0,0
3483,37,1,14,4,5,3,5.0,1
3489,33,2,7,4,11,3,2.0,1
3505,69,1,6,0,9,0,2.0,3
3510,29,1,26,1,5,3,5.0,0
3512,61,2,12,4,4,3,1.0,3
3513,61,0,3,4,10,2,1.0,3
3518,58,2,7,4,9,2,2.0,2
3519,50,1,5,0,11,0,5.0,2
3522,63,1,17,4,3,1,2.0,3
3523,23,1,18,2,8,1,5.0,0
3524,21,1,12,1,7,3,4.0,0
3526,36,2,24,4,3,3,5.0,1
3527,68,2,8,2,1,1,2.0,3
3531,21,1,7,0,12,2,1.0,0
3533,39,1,10,0,11,2,1.0,1
3538,44,0,29,0,12,0,3.0,1
3540,54,0,37,2,0,1,5.0,2
3541,65,2,18,1,11,1,3.0,3
3544,34,1,7,1,2,3,4.0,1
3545,27,1,0,2,15,3,3.0,0
3548,40,0,33,3,10,2,4.0,1
3551,43,1,3,4,2,0,1.0,1
3553,26,2,20,1,1,0,5.0,0
3558,60,1,37,2,14,3,1.0,2
3560,20,1,28,1,13,3,5.0,0
3563,22,0,7,4,11,0,1.0,0
3568,59,0,34,2,8,3,3.0,2
3571,54,0,16,0,4,1,2.0,2
3575,38,1,38,3,12,1,5.0,1
3576,33,2,25,3,15,1,4.0,1
3578,30,2,25,1,9,2,4.0,0
3579,55,0,8,3,2,0,3.0,2
3581,67,1,19,4,10,0,5.0,3
3582,18,0,27,4,14,1,4.0,4
3584,61,0,34,0,14,2,2.0,3
3586,41,2,40,1,15,0,5.0,1
3589,37,0,1,3,0,1,2.0,1
3591,62,2,21,3,9,2,2.0,3
3594,59,2,17,0,11,2,5.0,2
3598,55,0,4,1,13,2,5.0,2
3600,60,1,0,4,13,0,5.0,2
3604,36,1,25,4,2,3,3.0,1
3609,48,1,33,0,11,3,2.0,2
3617,48,2,10,1,1,1,1.0,2
3621,46,1,38,4,13,2,3.0,2
3623,44,1,41,1,8,0,3.0,1
3627,44,2,20,3,0,0,5.0,1
3634,26,2,13,2,4,1,3.0,0
3636,44,2,19,0,14,1,1.0,1
3645,22,1,15,2,9,3,3.0,0
3648,65,1,33,1,10,0,3.0,3
3649,38,1,39,1,7,0,5.0,1
3651,22,0,25,3,5,1,2.0,0
3652,18,1,32,2,3,2,5.0,4
3654,26,1,13,0,4,0,3.0,0
3656,69,2,14,4,3,0,3.0,3
3657,53,0,6,2,11,2,1.0,2
3667,38,1,12,2,8,3,3.0,1
3668,63,0,40,3,4,3,2.0,3
3672,18,0,18,0,0,2,5.0,4
3673,49,1,23,3,1,1,4.0,2
3674,34,2,1,3,1,3,3.0,1
3675,30,2,2,1,4,3,4.0,0
3680,20,2,6,4,13,1,1.0,0
3681,36,2,24,0,5,2,4.0,1
3692,43,2,10,2,3,1,3.0,1
3694,21,0,30,2,1,0,5.0,0
3697,70,0,3,4,9,3,2.0,3
3700,47,1,31,2,0,1,5.0,2
3701,59,2,7,4,12,2,5.0,2
3707,19,2,18,1,0,0,3.0,0
3709,48,1,1,1,2,1,3.0,2
3719,56,1,15,1,8,2,3.0,2
3721,53,2,24,2,15,1,4.0,2
3726,58,0,26,4,9,1,3.0,2
3727,49,0,13,0,0,0,3.0,2
3731,69,1,32,0,0,3,3.0,3
3738,67,0,21,2,1,1,1.0,3
3743,35,0,14,3,6,0,3.0,1
3744,70,2,12,1,11,2,3.0,3
3747,67,2,24,2,11,2,2.0,3
3749,67,2,1,1,12,1,5.0,3
3750,24,0,28,0,8,3,1.0,0
3759,29,2,2,0,11,1,4.0,0
3762,53,0,41,4,3,2,1.0,2
3765,69,1,41,0,2,3,2.0,3
3769,67,0,35,3,6,0,3.0,3
3770,40,0,33,4,13,1,2.0,1
3772,46,1,37,0,4,0,5.0,2
3773,67,0,23,2,13,3,2.0,3
3781,18,0,17,0,11,1,3.0,4
3786,58,2,14,2,1,3,2.0,2
3788,64,0,1,1,2,0,4.0,3
3789,54,1,29,2,1,0,2.0,2
3790,69,1,27,1,4,1,4.0,3
3792,55,0,39,3,8,3,3.0,2
3794,24,1,12,2,12,2,1.0,0
3795,59,2,3,0,13,0,1.0,2
3798,34,0,31,1,12,0,2.0,1
3799,18,2,17,2,5,1,4.0,4
3805,19,2,3,0,7,3,1.0,0
3810,66,0,28,2,2,3,1.0,3
3815,58,0,4,2,4,0,1.0,2
3819,52,2,16,0,4,2,2.0,2
3821,18,2,20,1,7,0,3.0,4
3824,31,2,2,4,1,2,2.0,1
3826,32,0,3,0,11,0,3.0,1
3827,62,0,22,3,5,2,3.0,3
3829,35,1,6,0,11,1,5.0,1
3830,63,1,29,0,5,0,5.0,3
3832,59,0,15,1,0,0,2.0,2
3833,43,2,20,2,5,2,1.0,1
3834,27,0,28,3,11,2,3.0,0
3836,23,1,4,3,14,1,2.0,0
3843,55,2,9,2,10,2,3.0,2
3844,32,1,31,1,10,1,3.0,1
3847,31,0,18,4,6,1,3.0,1
3851,40,1,9,3,8,1,4.0,1
3853,41,1,13,2,14,0,2.0,1
3858,67,2,0,1,7,1,3.0,3
3859,46,2,19,3,14,1,2.0,2
3860,65,1,38,2,2,3,2.0,3
3862,34,2,28,3,10,2,2.0,1
3863,18,0,15,4,6,3,2.0,4
3866,33,1,20,1,10,3,2.0,1
3867,44,0,36,0,13,2,4.0,1
3870,51,2,36,0,9,0,5.0,2
3872,36,2,3,0,12,1,2.0,1
3874,70,0,34,0,3,1,4.0,3
3876,53,0,9,2,3,1,1.0,2
3881,49,0,12,3,4,0,5.0,2
3887,62,1,23,3,6,1,2.0,3
3888,69,0,12,2,6,2,4.0,3
3889,25,2,25,0,4,1,1.0,0
3891,43,0,27,3,15,1,1.0,1
3893,68,1,36,3,12,1,4.0,3
3895,49,2,30,2,2,1,4.0,2
3897,63,2,4,4,11,3,1.0,3
3903,70,0,8,4,4,1,1.0,3
3905,39,0,9,2,2,1,4.0,1
3906,68,2,20,4,11,3,5.0,3
3908,61,1,18,4,3,3,1.0,3
3909,59,1,29,3,7,3,1.0,2
3910,18,1,37,0,14,0,5.0,4
3912,60,0,2,2,11,1,5.0,2
3913,36,0,16,4,8,3,3.0,1
3916,65,2,34,4,14,1,4.0,3
3917,18,1,14,3,7,0,1.0,4
3919,48,1,29,0,2,2,3.0,2
3926,20,2,28,4,10,3,3.0,0
3931,60,1,3,4,5,2,5.0,2
3937,41,2,20,2,14,0,2.0,1
3939,50,2,39,3,12,0,4.0,2
3941,59,1,36,4,6,1,4.0,2
3943,65,1,39,3,8,3,4.0,3
3944,41,1,18,1,1,3,5.0,1
3945,44,1,1,2,5,2,3.0,1
3946,54,0,38,0,11,3,5.0,2
3948,20,0,11,3,15,1,4.0,0
3950,52,2,10,4,6,2,4.0,2
3954,58,1,39,3,9,3,2.0,2
3957,44,1,18,3,10,1,1.0,1
3960,61,1,26,1,5,3,2.0,3
3965,46,2,5,3,9,2,5.0,2
3966,55,1,24,3,11,2,2.0,2
3967,56,2,29,2,13,0,3.0,2
3968,56,0,19,4,8,1,2.0,2
3969,44,0,27,1,3,0,1.0,1
3975,45,2,1,0,11,3,2.0,1
3976,45,2,13,3,12,2,2.0,1
3979,27,1,25,3,13,3,3.0,0
3980,44,2,39,1,6,0,3.0,1
3984,57,1,14,2,14,1,4.0,2
3987,25,0,16,3,2,3,5.0,0
3991,45,1,26,0,12,3,1.0,1
3992,42,1,20,4,8,2,1.0,1
3995,33,1,16,0,5,0,4.0,1
3996,43,0,20,2,4,0,5.0,1
3998,45,2,9,1,4,0,5.0,1
4000,56,0,2,3,3,0,4.0,2
4002,39,2,15,3,12,2,5.0,1
4004,29,0,36,4,12,1,2.0,0
4005,55,0,5,2,4,2,3.0,2
4011,18,2,41,0,9,2,1.0,4
4013,58,2,4,1,0,0,2.0,2
4014,21,1,5,4,4,1,5.0,0
4016,36,2,41,0,2,0,3.0,1
4019,67,1,33,2,12,3,3.0,3
4022,44,2,39,1,15,0,4.0,1
4024,64,1,4,1,3,2,5.0,3
4032,30,2,25,2,14,3,2.0,0
4035,61,1,23,4,9,1,5.0,3
4038,63,1,22,4,8,2,3.0,3
4039,64,2,30,4,8,3,1.0,3
4041,51,0,10,4,0,2,5.0,2
4042,47,0,5,0,6,2,2.0,2
4043,61,2,5,4,10,0,5.0,3
4047,19,2,9,4,7,0,4.0,0
4048,35,0,29,4,15,3,1.0,1
4058,27,1,29,0,0,1,4.0,0
4060,59,1,14,0,13,2,2.0,2
4061,56,0,13,0,10,0,5.0,2
4063,38,2,7,2,12,0,2.0,1
4064,61,0,20,1,5,0,2.0,3
4066,20,0,10,2,11,2,5.0,0
4068,47,2,27,1,0,3,5.0,2
4069,34,1,32,2,13,1,1.0,1
4074,70,1,32,2,1,1,4.0,3
4077,53,2,2,0,11,1,2.0,2
4079,22,2,37,1,8,3,2.0,0
4080,47,1,36,0,9,0,3.0,2
4089,53,1,5,1,12,2,2.0,2
4091,54,0,14,1,3,2,5.0,2
4102,24,0,16,3,3,3,5.0,0
4110,60,1,37,2,8,1,4.0,2
4111,56,2,8,2,3,3,1.0,2
4119,41,1,38,2,5,2,5.0,1
4120,26,2,33,1,10,3,4.0,0
4122,51,2,23,3,14,1,2.0,2
4123,46,2,39,1,10,0,4.0,2
4126,56,2,36,0,7,3,3.0,2
4128,38,0,23,1,6,2,2.0,1
4130,70,2,33,1,3,0,3.0,3
4131,41,2,38,1,2,1,4.0,1
4133,24,0,11,1,11,0,4.0,0
4134,59,2,40,4,11,2,4.0,2
4136,57,0,25,0,8,0,5.0,2
4145,48,2,28,4,1,2,1.0,2
4147,40,1,0,2,15,2,1.0,1
4148,61,0,27,0,14,3,2.0,3
4150,69,2,40,3,9,1,2.0,3
4151,32,0,6,4,10,2,4.0,1
4152,39,0,7,1,13,1,1.0,1
4162,36,1,8,2,4,1,1.0,1
4167,62,1,30,0,12,1,2.0,3
4169,25,2,9,3,2,0,5.0,0
4178,27,0,15,2,13,0,4.0,0
4192,42,0,30,4,13,0,3.0,1
4200,33,1,16,1,15,0,4.0,1
4210,38,1,28,4,2,2,1.0,1
4211,28,2,22,2,15,2,1.0,0
4213,27,1,22,3,15,1,4.0,0
4217,49,2,6,4,5,3,4.0,2
4229,46,0,8,2,8,1,4.0,2
4231,37,0,4,1,13,3,3.0,1
4233,45,0,9,3,6,3,1.0,1
4234,31,0,36,1,11,0,1.0,1
4235,42,1,30,3,2,2,1.0,1
4237,35,1,11,1,11,2,1.0,1
4239,48,0,4,1,15,2,4.0,2
4241,61,1,25,0,15,0,5.0,3
4242,67,2,39,1,10,1,4.0,3
4243,58,2,11,3,0,1,1.0,2
4246,25,0,38,3,2,3,2.0,0
4253,56,1,3,0,3,1,5.0,2
4256,54,1,6,2,3,2,3.0,2
4258,55,1,22,2,13,2,2.0,2
4264,67,2,33,1,7,1,4.0,3
4266,47,0,0,1,12,1,4.0,2
4267,58,0,31,4,15,1,2.0,2
4268,56,2,29,1,5,1,4.0,2
4274,33,1,26,0,11,0,2.0,1
4281,40,2,2,4,4,0,2.0,1
4284,45,0,11,4,12,2,3.0,1
4287,42,0,21,4,3,0,4.0,1
4291,20,0,19,0,0,1,3.0,0
4301,60,2,5,2,15,3,3.0,2
4304,41,1,13,0,12,0,1.0,1
4310,47,1,29,1,5,2,4.0,2
4314,18,0,24,2,7,1,2.0,4
4323,45,2,6,4,14,3,3.0,1
4333,46,1,9,0,5,3,5.0,2
4335,46,1,39,1,5,1,2.0,2
4336,61,1,32,2,8,0,3.0,3
4339,57,2,20,4,12,0,4.0,2
4342,48,1,21,3,2,0,5.0,2
4351,58,0,18,1,12,2,5.0,2
4354,55,2,25,0,7,0,3.0,2
4356,31,1,30,1,3,1,3.0,1
4360,68,0,0,1,1,2,1.0,3
4367,53,1,1,2,4,3,4.0,2
4374,40,0,7,0,8,3,5.0,1
4377,63,1,5,2,4,2,3.0,3
4378,46,1,23,0,11,0,4.0,2
4379,24,0,37,0,14,1,4.0,0
4382,28,0,31,0,13,1,2.0,0
4383,49,2,37,0,8,2,5.0,2
4385,67,2,11,0,14,1,4.0,3
4388,27,0,39,1,7,3,4.0,0
4390,65,1,24,0,4,0,3.0,3
4398,27,0,22,3,12,3,5.0,0
4399,53,0,8,3,0,2,4.0,2
4400,69,2,30,2,12,0,1.0,3
4404,19,2,21,2,15,0,2.0,0
4408,48,1,0,1,10,0,3.0,2
4410,63,0,15,4,13,1,3.0,3
4412,61,1,32,3,14,1,2.0,3
4415,43,1,10,3,10,2,3.0,1
4417,56,0,39,3,4,1,5.0,2
4420,65,2,39,4,15,0,2.0,3
4423,31,0,27,1,7,3,2.0,1
4424,42,0,24,2,0,3,3.0,1
4425,45,1,19,0,7,0,2.0,1
4426,56,0,26,4,14,0,5.0,2
4432,58,2,30,4,9,3,1.0,2
4433,37,1,22,4,7,0,4.0,1
4437,19,1,35,2,15,2,1.0,0
4439,48,0,6,2,8,0,4.0,2
4442,24,1,12,0,13,1,2.0,0
4452,45,1,8,0,1,2,5.0,1
4453,48,1,10,1,14,1,1.0,2
4457,66,0,36,2,9,1,1.0,3
4459,56,2,16,4,11,3,5.0,2
4462,66,2,20,2,11,1,3.0,3
4464,69,1,21,0,6,1,4.0,3
4473,21,1,17,4,6,1,1.0,0
4475,60,1,8,2,3,3,1.0,2
4477,21,1,0,2,14,0,2.0,0
4480,20,2,26,4,6,0,5.0,0
4481,27,0,25,3,11,1,5.0,0
4484,18,1,5,4,2,3,1.0,4
4490,32,2,15,4,8,2,2.0,1
4492,49,1,9,2,3,2,1.0,2
4495,26,0,29,3,14,3,4.0,0
4496,56,0,34,4,4,1,3.0,2
4497,67,2,36,2,15,1,5.0,3
4500,61,1,25,0,7,1,4.0,3
4503,51,0,10,0,14,0,4.0,2
4504,52,0,28,2,10,2,3.0,2
4505,58,0,30,3,9,3,1.0,2
4506,69,2,5,2,6,0,2.0,3
4511,31,1,6,4,10,2,5.0,1
4512,51,1,16,1,14,1,2.0,2
4513,29,0,38,3,15,2,5.0,0
4516,43,0,15,2,12,1,1.0,1
4517,67,1,32,0,0,0,3.0,3
4518,41,1,26,1,8,3,1.0,1
4524,63,1,0,1,2,0,4.0,3
4525,18,1,19,3,11,1,4.0,4
4528,63,0,13,0,7,1,5.0,3
4529,26,0,24,4,8,3,3.0,0
4530,63,1,12,3,10,1,4.0,3
4532,61,0,37,2,8,3,4.0,3
4540,66,0,31,3,1,3,1.0,3
4544,19,2,9,4,4,1,3.0,0
4549,48,0,8,1,7,2,5.0,2
4550,28,2,15,0,6,0,1.0,0
4558,47,2,14,2,7,3,4.0,2
4561,57,1,17,3,4,1,4.0,2
4564,61,2,8,2,3,3,5.0,3
4571,52,1,40,1,6,1,5.0,2
4572,41,2,38,1,10,3,1.0,1
4573,62,1,36,4,15,2,3.0,3
4576,51,2,13,0,15,2,3.0,2
4577,47,1,12,2,11,3,3.0,2
4580,60,2,5,2,13,2,5.0,2
4582,29,2,2,0,11,0,5.0,0
4584,59,0,29,1,10,1,4.0,2
4589,23,0,41,3,15,2,4.0,0
4590,62,2,25,3,1,3,4.0,3
4591,34,1,12,4,1,2,5.0,1
4592,49,0,12,1,4,2,5.0,2
4593,49,1,28,4,1,3,5.0,2
4595,56,0,35,3,8,1,5.0,2
4600,42,1,8,0,6,1,5.0,1
4601,19,0,3,0,10,0,3.0,0
4602,26,0,27,1,4,3,5.0,0
4606,65,1,27,3,5,0,1.0,3
4611,51,0,14,3,15,3,4.0,2
4614,18,2,34,2,10,3,1.0,4
4615,39,2,3,2,12,0,3.0,1
4616,66,2,12,2,13,0,3.0,3
4619,49,0,19,3,0,0,5.0,2
4620,34,0,36,4,15,2,2.0,1
4621,29,0,36,3,15,0,3.0,0
4627,19,0,7,2,13,3,4.0,0
4632,40,1,13,2,10,2,4.0,1
4634,68,2,10,3,2,1,5.0,3
4642,24,2,32,2,12,0,3.0,0
4649,22,2,12,1,14,3,5.0,0
4652,57,1,19,0,4,1,2.0,2
4655,48,2,41,2,11,0,3.0,2
4663,37,2,15,0,8,3,5.0,1
4664,66,2,39,3,3,0,1.0,3
4665,27,1,37,0,15,0,5.0,0
4669,48,1,14,0,2,2,4.0,2
4674,59,1,2,2,12,0,2.0,2
4675,70,0,33,1,15,2,4.0,3
4676,66,0,30,1,7,1,5.0,3
4685,52,1,28,2,14,2,3.0,2
4688,28,2,11,0,8,2,1.0,0
4689,49,0,9,4,4,2,1.0,2
4692,35,0,16,1,14,0,3.0,1
4695,56,2,18,1,12,3,3.0,2
4696,37,2,4,1,10,2,5.0,1
4700,54,1,27,0,6,3,3.0,2
4701,29,0,16,1,3,0,3.0,0
4703,49,0,20,4,14,0,1.0,2
4704,54,2,40,3,11,0,3.0,2
4705,32,1,29,1,7,0,5.0,1
4708,24,2,6,0,11,0,1.0,0
4710,18,1,41,2,7,1,3.0,4
4711,36,1,0,4,3,1,1.0,1
4714,67,2,18,0,8,1,5.0,3
4717,21,0,19,3,8,3,5.0,0
4721,34,2,32,4,8,1,2.0,1
4724,26,2,14,4,10,1,1.0,0
4729,33,2,37,3,4,2,4.0,1
4733,56,2,41,3,12,1,5.0,2
4735,41,1,7,4,10,1,3.0,1
4737,67,0,1,0,1,1,2.0,3
4743,66,0,37,2,3,2,2.0,3
4745,30,1,39,4,14,1,1.0,0
4746,37,2,13,3,6,2,2.0,1
4748,24,1,15,2,8,2,1.0,0
4752,19,0,21,2,12,2,4.0,0
4765,61,1,12,3,14,0,4.0,3
4766,51,2,10,4,7,2,3.0,2
4767,51,1,0,0,5,1,3.0,2
4769,51,0,11,2,5,3,4.0,2
4770,49,1,0,3,9,2,1.0,2
4773,49,1,0,4,7,2,1.0,2
4774,24,1,25,1,15,1,5.0,0
4777,61,2,28,4,7,2,5.0,3
4778,48,1,19,4,12,0,1.0,2
4783,28,0,28,3,2,0,3.0,0
4802,38,1,24,3,8,0,4.0,1
4804,44,2,19,1,7,1,4.0,1
4815,24,1,0,3,0,2,1.0,0
4816,24,0,12,1,9,1,2.0,0
4817,25,0,19,3,6,3,5.0,0
4820,70,0,27,1,2,3,1.0,3
4825,52,2,15,4,15,2,4.0,2
4831,20,2,36,1,1,2,2.0,0
4832,40,2,12,2,9,1,5.0,1
4834,67,1,6,1,9,1,3.0,3
4841,59,2,7,1,6,2,3.0,2
4842,61,0,16,2,11,2,4.0,3
4849,56,2,20,2,9,0,1.0,2
4857,18,1,7,1,4,0,1.0,4
4865,20,2,33,4,9,1,5.0,0
4869,51,1,14,0,14,3,2.0,2
4870,28,2,40,2,6,2,3.0,0
4873,35,1,12,0,12,2,4.0,1
4874,23,2,36,0,3,1,1.0,0
4877,64,1,9,0,11,1,1.0,3
4882,48,2,0,3,13,0,3.0,2
4883,27,0,35,3,15,1,3.0,0
4884,52,0,34,4,11,3,2.0,2
4889,30,0,39,1,12,3,1.0,0
4890,55,2,40,4,10,1,1.0,2
4891,27,0,29,3,6,0,4.0,0
4894,62,2,23,3,12,1,3.0,3
4897,66,1,27,2,5,3,3.0,3
4901,65,1,35,1,6,3,3.0,3
4902,47,0,19,3,3,1,5.0,2
4908,63,0,32,3,0,2,2.0,3
4909,42,2,29,3,0,2,2.0,1
4913,26,2,16,2,5,1,2.0,0
4915,66,0,13,0,15,0,4.0,3
4919,23,0,18,2,8,3,2.0,0
4923,50,0,35,0,13,0,4.0,2
4929,29,1,25,3,11,0,1.0,0
4930,38,1,41,2,12,3,4.0,1
4933,41,2,9,4,11,0,4.0,1
4938,53,1,19,4,0,3,4.0,2
4939,56,2,33,0,6,3,1.0,2
4945,36,0,39,3,6,0,1.0,1
4947,24,1,39,0,8,1,1.0,0
4953,25,0,8,2,0,3,2.0,0
4954,53,0,6,1,1,1,1.0,2
4955,67,1,29,0,6,1,3.0,3
4956,59,2,35,3,13,1,2.0,2
4962,67,1,8,4,15,1,5.0,3
4966,57,2,5,4,7,0,4.0,2
4968,44,0,26,2,0,2,3.0,1
4970,47,2,12,2,5,3,2.0,2
4974,48,0,2,1,5,3,1.0,2
4975,21,0,2,0,0,2,1.0,0
4976,42,1,29,4,0,2,1.0,1
4980,34,1,18,2,15,0,2.0,1
4981,38,1,19,4,4,3,2.0,1
4985,42,2,1,0,0,1,3.0,1
4989,28,1,41,4,3,1,2.0,0
4990,31,0,17,1,6,0,3.0,1
4992,43,0,6,0,14,3,5.0,1
4993,39,1,6,0,15,2,4.0,1
4996,62,0,14,0,6,0,4.0,3
5002,41,0,38,2,9,0,3.0,1
5003,22,0,29,0,4,1,5.0,0
5010,52,2,21,1,5,1,4.0,2
5011,43,2,3,1,14,0,5.0,1
5013,18,2,18,2,15,2,1.0,4
5014,68,1,17,3,0,1,4.0,3
5018,44,0,22,1,11,1,1.0,1
5024,66,1,20,1,11,1,3.0,3
5028,50,1,12,0,15,3,4.0,2
5029,68,1,3,1,10,3,4.0,3
5040,32,1,41,1,12,1,3.0,1
5041,49,1,0,3,9,2,1.0,2
5042,63,1,9,0,3,3,2.0,3
5046,32,0,19,1,10,2,3.0,1
5047,42,0,2,0,4,1,4.0,1
5053,20,2,17,3,9,1,3.0,0
5058,55,2,30,2,13,0,2.0,2
5060,57,1,8,3,13,0,3.0,2
5064,44,2,4,0,8,0,1.0,1
5074,19,2,6,0,1,2,1.0,0
5076,60,2,37,2,15,2,4.0,2
5077,25,0,33,2,10,1,3.0,0
5082,46,0,1,3,5,0,4.0,2
5086,25,1,3,0,15,3,4.0,0
5092,44,0,15,4,13,0,5.0,1
5098,18,1,4,0,5,1,5.0,4
5102,55,0,19,2,9,2,1.0,2
5105,36,1,36,2,11,1,2.0,1
5108,45,1,15,0,12,3,4.0,1
5111,59,0,7,3,11,3,1.0,2
5112,53,0,20,4,11,1,3.0,2
5113,37,2,2,4,11,2,1.0,1
5117,44,0,1,1,7,1,3.0,1
5118,22,2,1,2,5,3,2.0,0
5119,23,0,41,1,2,1,3.0,0
5122,28,0,35,0,11,0,1.0,0
5123,39,2,20,1,12,2,1.0,1
5126,46,1,38,1,10,0,3.0,2
5127,24,2,14,0,9,0,4.0,0
5128,51,2,20,1,11,2,5.0,2
5132,38,1,30,0,6,1,5.0,1
5133,53,1,37,1,10,1,2.0,2
5138,21,2,38,1,0,0,5.0,0
5143,25,0,36,0,11,1,4.0,0
5144,65,2,36,2,5,1,2.0,3
5145,36,0,1,2,15,1,2.0,1
5147,21,1,27,4,8,3,2.0,0
5148,39,2,10,0,15,2,2.0,1
5151,48,2,5,1,10,2,3.0,2
5152,19,1,15,4,4,1,1.0,0
5153,66,1,13,3,4,2,4.0,3
5154,58,2,16,2,13,2,4.0,2
5156,53,0,17,2,10,2,3.0,2
5157,20,0,35,1,5,3,5.0,0
5160,33,1,14,4,10,0,2.0,1
5163,50,1,38,1,10,2,4.0,2
5167,51,0,2,1,14,2,3.0,2
5169,20,0,1,0,7,3,4.0,0
5170,43,0,2,0,11,0,3.0,1
5173,69,0,8,3,5,0,2.0,3
5174,41,2,34,0,6,3,2.0,1
5178,37,2,16,3,4,1,5.0,1
5179,18,1,5,4,7,2,3.0,4
5185,18,0,4,1,13,2,2.0,4
5186,63,2,38,1,3,2,2.0,3
5189,68,1,17,3,14,1,3.0,3
5191,20,2,5,0,0,0,1.0,0
5195,63,0,36,3,2,3,1.0,3
5196,51,0,7,4,12,2,4.0,2
5202,65,2,39,3,1,1,3.0,3
5203,36,2,0,3,0,3,5.0,1
5209,41,0,32,2,1,1,1.0,1
5210,60,2,28,2,1,0,4.0,2
5211,44,1,37,0,1,1,4.0,1
5214,26,0,14,1,10,1,4.0,0
5217,44,1,41,3,14,0,4.0,1
5223,32,1,0,2,13,2,3.0,1
5227,62,1,1,4,7,3,5.0,3
5229,65,2,6,0,6,3,5.0,3
5230,69,2,20,0,1,1,2.0,3
5231,45,2,39,4,1,2,2.0,1
5233,33,2,22,1,14,3,3.0,1
5236,52,1,14,3,14,3,4.0,2
5237,65,2,5,4,6,2,4.0,3
5239,36,1,35,4,5,2,4.0,1
5240,67,2,19,1,2,0,3.0,3
5241,45,2,22,4,0,1,5.0,1
5244,45,1,9,1,5,3,5.0,1
5245,32,1,16,1,8,0,5.0,1
5246,62,2,41,0,2,2,1.0,3
5247,53,2,36,3,5,1,2.0,2
5250,66,2,31,3,4,3,3.0,3
5252,63,0,22,0,4,2,2.0,3
5263,27,0,7,4,13,2,4.0,0
5264,30,1,13,3,0,3,3.0,0
5268,47,1,29,3,1,0,2.0,2
5271,19,1,17,2,0,1,3.0,0
5272,20,2,22,2,11,2,5.0,0
5283,52,0,33,2,11,3,4.0,2
5288,31,2,16,0,4,0,1.0,1
5289,66,2,25,1,8,2,4.0,3
5291,37,0,15,1,8,0,4.0,1
5292,55,2,24,0,15,3,3.0,2
5297,36,2,20,4,6,0,3.0,1
5300,33,0,33,2,15,2,2.0,1
5304,33,0,35,2,1,1,1.0,1
5306,69,2,9,4,14,1,3.0,3
5307,50,2,4,2,7,1,3.0,2
5308,18,1,39,3,0,2,1.0,4
5311,51,1,18,1,1,0,5.0,2
5315,54,1,20,3,11,3,2.0,2
5319,61,2,40,0,2,0,1.0,3
5341,48,1,37,0,10,0,4.0,2
5343,62,2,32,2,7,3,5.0,3
5350,44,0,34,1,11,3,5.0,1
5352,59,0,34,0,10,3,4.0,2
5353,33,2,32,3,4,0,2.0,1
5356,48,2,10,3,14,2,1.0,2
5357,34,2,37,4,15,3,5.0,1
5358,69,2,4,3,14,3,5.0,3
5363,61,0,34,1,8,0,2.0,3
5367,49,1,13,0,8,3,1.0,2
5368,48,1,6,2,9,3,4.0,2
5370,50,0,39,2,3,0,5.0,2
5373,53,2,33,1,2,3,4.0,2
5379,63,2,5,1,4,3,4.0,3
5380,49,0,13,0,6,2,4.0,2
5382,68,1,30,4,13,3,4.0,3
5387,57,0,16,3,11,1,1.0,2
5394,44,0,8,0,14,3,3.0,1
5395,36,0,3,4,9,0,3.0,1
5400,52,1,12,0,8,2,4.0,2
5403,50,1,16,1,4,3,5.0,2
5409,33,0,39,4,1,2,1.0,1
5416,50,0,18,1,4,2,2.0,2
5426,50,0,27,4,7,2,2.0,2
5428,31,1,15,4,9,1,3.0,1
5435,51,0,15,4,2,0,2.0,2
5436,58,2,22,4,11,3,4.0,2
5437,18,2,25,1,1,0,4.0,4
5440,35,0,7,1,6,0,3.0,1
5442,21,0,7,3,1,2,3.0,0
5443,36,2,38,4,0,3,2.0,1
5445,44,0,16,0,0,2,4.0,1
5446,21,2,33,2,6,2,5.0,0
5450,52,0,20,3,7,2,1.0,2
5452,42,0,13,3,4,3,1.0,1
5455,70,1,3,2,8,2,4.0,3
5457,39,0,37,0,8,3,2.0,1
5460,23,1,32,2,13,2,3.0,0
5461,53,0,3,1,0,3,1.0,2
5466,64,1,23,2,14,1,1.0,3
5467,28,1,36,2,7,3,3.0,0
5470,53,0,4,3,10,1,5.0,2
5472,32,0,39,3,10,3,1.0,1
5473,60,2,33,4,2,3,2.0,2
5474,38,1,11,4,1,3,4.0,1
5475,36,0,5,4,10,1,5.0,1
5477,42,1,3,2,15,3,5.0,1
5478,35,1,3,0,6,3,1.0,1
5481,40,1,17,2,15,2,1.0,1
5487,52,0,28,0,0,2,5.0,2
5491,59,1,9,1,11,2,1.0,2
5494,20,0,22,4,15,0,1.0,0
5502,34,2,6,3,7,2,3.0,1
5503,52,1,16,4,8,1,1.0,2
5510,38,0,8,1,6,1,4.0,1
5511,47,2,9,0,9,2,3.0,2
5513,45,2,27,2,9,1,1.0,1
5514,31,1,6,3,5,1,2.0,1
5518,64,1,26,1,6,0,3.0,3
5522,31,0,26,3,7,3,2.0,1
5523,48,0,9,1,12,3,3.0,2
5537,45,0,35,4,15,2,2.0,1
5539,27,0,28,4,13,2,5.0,0
5540,45,2,37,3,8,2,5.0,1
5542,43,0,11,2,9,2,4.0,1
5547,53,2,8,3,15,1,2.0,2
5549,55,2,18,0,13,3,3.0,2
5552,20,2,37,3,5,2,1.0,0
5556,42,2,20,1,12,1,1.0,1
5557,39,0,15,4,1,2,1.0,1
5564,19,2,35,3,3,3,1.0,0
5568,64,1,23,2,14,2,5.0,3
5574,67,1,19,3,15,1,2.0,3
5577,30,0,15,2,8,1,1.0,0
5585,70,1,0,1,3,0,1.0,3
5588,49,0,3,2,15,0,3.0,2
5593,32,2,5,3,4,0,2.0,1
5600,64,0,2,4,13,3,4.0,3
5601,44,2,12,2,2,0,4.0,1
5604,67,0,25,4,7,2,5.0,3
5608,26,0,40,4,3,2,2.0,0
5611,58,2,4,0,15,2,3.0,2
5612,32,0,19,1,13,0,4.0,1
5613,21,2,27,2,10,3,2.0,0
5619,63,1,5,3,12,2,5.0,3
5621,44,0,25,3,15,1,3.0,1
5624,24,0,7,0,4,3,4.0,0
5625,63,2,8,1,13,0,2.0,3
5627,25,1,6,3,9,2,3.0,0
5629,24,1,18,2,8,3,2.0,0
5635,70,2,8,2,15,1,1.0,3
5636,28,1,22,2,8,2,3.0,0
5640,40,0,26,3,0,1,3.0,1
5642,58,2,22,3,1,1,2.0,2
5645,39,2,16,2,0,0,3.0,1
5647,37,1,9,2,0,0,5.0,1
5649,69,2,30,3,14,3,5.0,3
5650,49,0,9,3,4,1,2.0,2
5657,52,1,29,1,9,2,5.0,2
5662,57,0,35,3,9,1,5.0,2
5664,46,1,34,4,11,0,5.0,2
5665,25,1,9,2,8,2,4.0,0
5667,19,0,32,0,11,3,4.0,0
5668,50,0,16,4,1,2,4.0,2
5670,42,1,11,2,4,1,5.0,1
5671,55,2,30,0,11,0,3.0,2
5673,45,1,28,0,0,2,1.0,1
5675,21,0,27,0,8,1,1.0,0
5678,51,0,29,4,12,3,4.0,2
5681,44,0,40,2,13,1,5.0,1
5683,64,1,12,2,12,0,2.0,3
5684,22,1,18,3,15,0,4.0,0
5686,54,2,12,4,12,0,2.0,2
5693,43,2,23,4,3,0,4.0,1
5694,24,1,33,0,6,0,1.0,0
5699,34,0,41,0,15,2,5.0,1
5703,36,1,19,3,8,1,1.0,1
5705,67,1,25,1,15,3,4.0,3
5713,29,2,13,0,13,0,4.0,0
5715,35,0,1,3,14,2,3.0,1
5716,57,0,27,3,5,0,1.0,2
5717,58,2,21,4,3,2,5.0,2
5721,21,2,5,3,9,3,3.0,0
5722,60,1,41,1,6,3,3.0,2
5726,58,2,33,2,4,0,3.0,2
5729,59,2,17,0,8,2,4.0,2
5730,31,0,2,0,6,1,4.0,1
5731,61,1,29,0,8,0,2.0,3
5732,19,0,3,4,5,0,3.0,0
5736,70,2,16,1,10,1,1.0,3
5737,20,1,29,0,14,1,5.0,0
5739,69,1,13,2,12,3,3.0,3
5740,51,2,4,1,12,1,1.0,2
5743,32,0,33,4,15,0,3.0,1
5744,42,1,22,4,2,1,3.0,1
5750,52,1,16,2,12,3,3.0,2
5758,38,2,30,4,8,3,4.0,1
5759,47,0,19,1,3,2,2.0,2
5760,28,0,35,0,9,2,5.0,0
5765,69,1,39,2,6,2,2.0,3
5767,53,1,27,1,2,3,5.0,2
5771,26,0,29,2,10,0,3.0,0
5776,51,1,4,4,13,0,1.0,2
5779,32,1,22,0,12,3,2.0,1
5781,39,1,41,1,6,3,4.0,1
5784,61,2,3,0,6,3,1.0,3
5785,61,1,21,0,7,2,3.0,3
5789,19,0,35,3,10,2,1.0,0
5791,56,0,38,3,0,1,1.0,2
5792,27,2,14,2,15,3,4.0,0
5798,26,2,29,4,12,0,5.0,0
5801,21,0,36,2,7,1,4.0,0
5802,23,0,13,1,0,2,2.0,0
5805,27,0,29,0,0,1,2.0,0
5806,33,2,7,1,13,1,1.0,1
5809,32,1,34,1,0,3,5.0,1
5814,26,0,11,0,0,3,5.0,0
5815,54,0,1,0,15,2,2.0,2
5819,20,2,6,2,6,2,4.0,0
5822,63,0,31,0,2,2,2.0,3
5825,68,0,11,3,10,1,1.0,3
5827,23,1,8,4,4,1,4.0,0
5828,20,1,39,0,3,3,2.0,0
5831,33,0,40,0,7,2,4.0,1
5833,45,0,18,2,2,2,5.0,1
5839,20,2,17,0,5,0,5.0,0
5845,66,2,22,2,4,0,1.0,3
5846,46,0,12,4,4,3,1.0,2
5847,21,2,15,1,6,1,4.0,0
5851,28,1,25,3,8,0,2.0,0
5852,26,0,8,3,12,0,3.0,0
5853,37,1,10,2,10,2,5.0,1
5854,56,0,7,3,3,3,3.0,2
5855,21,2,25,4,3,0,4.0,0
5859,70,2,31,4,7,2,4.0,3
5862,34,1,32,1,9,2,4.0,1
5864,37,1,39,3,15,3,1.0,1
5865,19,0,14,3,15,2,4.0,0
5866,57,2,9,3,7,1,1.0,2
5867,41,2,21,0,7,0,1.0,1
5869,56,2,9,2,4,3,1.0,2
5875,48,2,23,4,8,3,3.0,2
5884,19,2,5,2,2,2,1.0,0
5885,49,1,2,3,4,0,1.0,2
5889,48,1,12,3,3,1,1.0,2
5892,32,1,33,2,8,3,4.0,1
5899,65,0,10,2,9,0,1.0,3
5901,62,2,14,1,2,1,5.0,3
5904,51,2,26,0,13,3,4.0,2
5909,56,2,23,2,12,0,2.0,2
5911,63,2,20,0,13,1,4.0,3
5917,21,0,36,4,7,1,1.0,0
5918,18,0,16,0,9,1,2.0,4
5919,41,0,30,4,10,3,3.0,1
5929,27,2,35,3,5,2,4.0,0
5930,47,1,14,0,11,0,4.0,2
5938,56,2,14,2,7,3,3.0,2
5939,57,0,25,1,5,2,3.0,2
5943,44,1,24,3,2,3,3.0,1
5944,43,1,27,0,4,0,2.0,1
5949,56,1,1,1,12,1,3.0,2
5950,62,1,14,0,1,2,4.0,3
5951,46,2,14,3,8,0,4.0,2
5956,34,2,23,4,8,3,3.0,1
5959,69,1,4,1,6,2,3.0,3
5960,65,2,19,1,1,2,5.0,3
5961,30,0,21,0,7,1,5.0,0
5965,61,1,37,1,6,0,1.0,3
5968,59,0,11,4,14,3,5.0,2
5970,47,1,4,1,0,1,4.0,2
5972,37,0,22,4,4,3,2.0,1
5979,57,2,34,0,7,2,1.0,2
5980,30,1,1,2,0,3,4.0,0
5982,65,0,23,0,6,0,1.0,3
5983,28,2,4,4,10,1,5.0,0
5990,25,1,31,3,10,2,4.0,0
5991,47,2,0,4,9,2,2.0,2
5992,31,1,32,0,8,2,1.0,1
5996,70,2,29,2,1,2,2.0,3
6010,45,0,28,3,12,2,4.0,1
6013,49,0,33,3,1,2,3.0,2
6017,37,1,12,0,1,2,2.0,1
6018,54,2,25,1,5,0,1.0,2
6020,52,0,13,0,14,1,2.0,2
6021,57,2,25,0,13,2,1.0,2
6022,18,2,34,0,12,2,2.0,4
6023,27,1,23,1,8,1,2.0,0
6026,34,2,2,2,2,2,3.0,1
6027,68,0,16,1,8,2,4.0,3
6030,59,2,2,0,14,2,4.0,2
6032,32,2,6,2,13,1,1.0,1
6034,55,2,35,4,10,0,4.0,2
6042,53,2,9,3,0,3,1.0,2
6045,63,0,37,0,3,2,2.0,3
6047,50,0,0,4,14,0,5.0,2
6048,46,2,20,1,6,1,1.0,2
6051,49,0,20,2,9,3,4.0,2
6052,63,2,36,2,9,1,1.0,3
6054,26,0,7,0,5,3,4.0,0
6056,51,1,1,0,6,0,5.0,2
6057,23,2,16,3,14,3,3.0,0
6058,47,1,1,4,12,1,2.0,2
6059,65,0,19,2,8,3,2.0,3
6064,43,2,39,1,10,1,1.0,1
6071,65,1,32,0,3,1,3.0,3
6077,41,1,40,2,2,1,1.0,1
6078,26,1,40,4,0,3,1.0,0
6079,44,0,14,4,2,3,2.0,1
6081,70,2,38,1,4,3,1.0,3
6084,27,2,6,1,0,3,4.0,0
6086,34,0,29,2,0,3,4.0,1
6088,25,2,7,3,15,3,3.0,0
6095,62,0,15,3,13,3,3.0,3
6097,42,1,15,4,4,0,2.0,1
6098,47,1,39,0,5,3,1.0,2
6101,63,1,2,2,9,3,4.0,3
6105,64,0,17,3,3,2,4.0,3
6106,23,1,29,0,2,3,2.0,0
6110,64,2,0,2,14,3,3.0,3
6111,44,2,28,4,7,3,5.0,1
6115,41,1,40,3,15,2,2.0,1
6116,55,0,9,0,9,3,1.0,2
6121,60,0,35,4,3,0,3.0,2
6122,23,0,7,2,9,1,2.0,0
6124,36,2,20,3,5,3,3.0,1
6129,51,0,0,4,7,3,5.0,2
6132,45,2,34,1,0,1,1.0,1
6134,62,1,6,0,13,3,3.0,3
6135,49,1,12,2,12,3,3.0,2
6140,30,2,13,4,8,1,1.0,0
6142,35,2,16,1,6,2,3.0,1
6145,66,2,38,4,5,3,1.0,3
6148,18,0,22,4,13,3,4.0,4
6150,18,1,35,3,3,1,4.0,4
6152,65,0,37,1,6,1,3.0,3
6153,57,2,32,4,8,2,4.0,2
6154,44,2,25,0,11,0,4.0,1
6156,20,1,0,3,2,0,2.0,0
6157,59,2,28,2,12,1,4.0,2
6158,34,2,2,4,14,0,4.0,1
6165,62,2,35,4,2,0,5.0,3
6167,42,2,34,3,7,1,2.0,1
6168,33,2,0,2,11,2,1.0,1
6173,25,0,38,3,11,1,4.0,0
6174,53,1,40,4,12,3,5.0,2
6176,26,2,2,0,10,0,4.0,0
6177,55,2,36,1,15,0,5.0,2
6181,21,0,37,1,5,2,3.0,0
6184,22,2,35,1,3,1,1.0,0
6186,26,0,26,4,14,1,2.0,0
6187,56,0,22,0,13,1,1.0,2
6193,69,1,39,4,8,3,3.0,3
6195,28,1,41,3,12,3,1.0,0
6196,47,1,10,1,0,2,5.0,2
6197,22,0,29,3,13,2,4.0,0
6198,39,0,11,3,10,1,2.0,1
6200,23,0,10,4,8,2,2.0,0
6201,43,0,34,3,9,3,5.0,1
6203,51,2,13,0,2,1,5.0,2
6204,67,0,27,4,13,1,2.0,3
6211,36,0,39,4,14,1,2.0,1
6216,31,1,41,1,14,1,1.0,1
6219,60,0,9,1,0,2,3.0,2
6233,56,1,11,2,6,3,2.0,2
6236,52,2,33,3,1,3,2.0,2
6240,31,1,8,1,14,0,4.0,1
6241,34,2,17,4,15,3,4.0,1
6242,53,1,21,3,8,3,5.0,2
6246,69,0,4,4,2,3,2.0,3
6247,68,0,41,1,5,0,4.0,3
6248,64,2,12,3,7,1,4.0,3
6250,57,0,24,0,12,3,3.0,2
6252,28,0,9,1,15,1,5.0,0
6253,44,2,18,4,15,2,3.0,1
6255,61,0,20,1,8,1,4.0,3
6260,19,0,19,2,8,2,2.0,0
6261,70,2,9,4,1,3,5.0,3
6262,19,0,21,0,4,2,2.0,0
6264,35,1,0,3,11,1,1.0,1
6266,70,1,27,3,12,3,4.0,3
6267,48,1,16,3,9,3,3.0,2
6274,62,2,20,0,15,3,4.0,3
6275,63,0,33,2,14,3,1.0,3
6277,22,2,8,0,4,3,2.0,0
6278,21,0,21,3,10,3,3.0,0
6280,29,0,5,2,3,1,5.0,0
6282,40,2,24,0,14,0,2.0,1
6286,23,2,28,2,10,3,1.0,0
6290,53,1,23,2,15,0,5.0,2
6292,48,0,14,3,7,0,5.0,2
6293,66,0,40,2,10,3,1.0,3
6296,61,1,20,2,7,1,3.0,3
6299,34,0,11,1,9,0,1.0,1
6304,47,0,25,2,4,0,2.0,2
6309,57,2,25,0,8,3,3.0,2
6310,35,1,7,1,3,1,4.0,1
6311,28,2,21,3,12,0,3.0,0
6315,32,2,9,0,5,3,2.0,1
6322,59,0,32,0,12,0,1.0,2
6323,31,2,28,1,10,3,5.0,1
6324,32,2,37,0,1,3,5.0,1
6328,19,2,6,3,11,0,1.0,0
6329,34,1,21,3,6,1,3.0,1
6332,41,0,15,4,2,1,5.0,1
6333,50,1,21,2,3,3,3.0,2
6335,52,0,10,0,13,0,5.0,2
6336,38,2,26,1,13,3,1.0,1
6337,38,0,26,3,7,1,1.0,1
6341,30,2,17,3,10,1,1.0,0
6342,53,0,23,3,15,1,2.0,2
6344,27,2,32,4,4,2,3.0,0
6347,62,0,37,0,8,1,1.0,3
6349,29,1,25,4,10,0,5.0,0
6351,53,0,22,3,1,0,1.0,2
6354,28,2,28,0,0,2,2.0,0
6362,22,1,33,4,9,0,3.0,0
6363,18,0,19,0,13,1,2.0,4
6365,22,0,3,0,9,0,2.0,0
6367,55,2,6,2,12,0,1.0,2
6369,64,2,3,2,3,1,5.0,3
6370,21,2,32,0,1,0,4.0,0
6374,58,2,37,2,11,1,3.0,2
6375,21,0,22,3,14,3,2.0,0
6379,52,2,16,2,15,3,2.0,2
6380,19,1,29,2,13,2,3.0,0
6381,63,0,8,3,6,3,5.0,3
6383,65,2,0,0,0,0,5.0,3
6384,65,1,28,2,0,0,3.0,3
6394,42,1,29,2,3,0,2.0,1
6395,59,0,41,2,0,3,5.0,2
6396,44,0,14,0,10,2,1.0,1
6401,52,2,14,2,4,3,2.0,2
6405,67,2,14,4,2,0,4.0,3
6407,45,2,19,2,11,1,5.0,1
6410,66,0,18,2,5,2,5.0,3
6411,30,2,41,1,6,1,2.0,0
6414,37,0,11,4,3,2,4.0,1
6416,45,2,9,3,8,1,5.0,1
6418,69,2,13,2,1,1,4.0,3
6420,42,2,24,4,12,0,3.0,1
6424,37,1,24,4,10,1,1.0,1
6434,37,0,26,4,13,2,2.0,1
6437,21,0,9,3,15,2,1.0,0
6440,41,2,34,2,2,3,4.0,1
6441,42,2,4,3,4,1,5.0,1
6447,36,2,40,0,14,2,5.0,1
6450,70,2,9,1,14,2,5.0,3
6455,34,0,8,2,4,2,5.0,1
6456,18,1,36,1,2,0,1.0,4
6461,21,1,13,1,8,3,1.0,0
6462,62,1,16,4,4,1,5.0,3
6465,52,0,18,4,14,1,3.0,2
6472,50,0,25,4,14,1,5.0,2
6475,25,1,39,1,13,3,3.0,0
6477,45,1,34,0,3,1,5.0,1
6483,32,1,41,0,5,1,4.0,1
6489,31,1,38,4,15,3,1.0,1
6491,43,2,6,0,11,1,3.0,1
6492,70,0,29,0,1,3,2.0,3
6496,50,0,13,1,1,2,1.0,2
6498,47,2,13,3,6,1,3.0,2
6499,37,0,34,3,2,2,4.0,1
6501,20,0,1,4,15,3,2.0,0
6504,35,2,21,0,1,1,2.0,1
6505,27,1,14,4,7,2,5.0,0
6509,23,1,26,3,5,1,4.0,0
6514,66,1,16,1,13,2,5.0,3
6520,25,1,27,2,7,2,2.0,0
6524,41,2,12,2,1,3,1.0,1
6527,59,2,25,4,12,3,4.0,2
6528,20,1,24,0,4,2,2.0,0
6529,27,2,20,4,5,2,1.0,0
6533,43,1,9,0,14,3,4.0,1
6535,36,0,41,1,4,1,5.0,1
6539,69,0,6,4,12,2,2.0,3
6543,45,0,40,4,11,0,3.0,1
6550,30,1,28,4,6,0,4.0,0
6560,43,1,20,1,15,2,2.0,1
6562,37,0,3,1,11,1,2.0,1
6567,32,2,20,4,14,1,4.0,1
6569,51,2,32,4,13,3,4.0,2
6570,37,1,41,3,11,1,5.0,1
6581,59,1,3,1,3,0,1.0,2
6583,27,0,28,0,11,0,3.0,0
6586,33,2,12,2,12,3,3.0,1
6589,57,2,28,2,15,1,1.0,2
6590,68,0,5,3,11,1,1.0,3
6591,41,0,1,4,8,2,4.0,1
6592,31,1,19,4,14,3,2.0,1
6594,57,1,6,3,14,1,1.0,2
6597,39,1,8,1,6,1,2.0,1
6598,39,1,39,2,5,1,5.0,1
6600,67,0,8,1,0,3,2.0,3
6602,55,2,3,3,1,2,3.0,2
6606,66,0,18,1,12,0,5.0,3
6619,59,1,17,0,15,1,3.0,2
6620,53,0,25,2,12,0,3.0,2
6621,38,0,36,4,8,2,2.0,1
6623,37,1,4,3,12,3,5.0,1
6625,65,1,12,3,8,2,2.0,3
6629,33,2,36,3,14,1,5.0,1
6630,27,2,7,4,15,3,3.0,0
6633,48,1,15,3,1,3,4.0,2
6637,54,1,40,4,2,0,1.0,2
6639,19,0,33,1,0,1,2.0,0
6645,31,2,34,0,0,2,2.0,1
6648,46,1,28,1,8,3,2.0,2
6649,38,0,28,2,1,3,3.0,1
6650,24,0,34,4,15,2,4.0,0
6651,46,0,36,1,12,2,3.0,2
6652,24,0,6,0,8,2,1.0,0
6653,60,1,16,3,10,0,5.0,2
6656,28,1,28,0,12,2,4.0,0
6658,26,1,20,3,5,1,3.0,0
6659,65,0,18,1,15,0,3.0,3
6665,61,0,25,0,11,1,4.0,3
6669,48,0,27,2,3,1,4.0,2
6677,68,0,24,4,8,0,5.0,3
6679,68,2,3,2,8,0,2.0,3
6682,43,2,29,0,0,3,1.0,1
6685,19,1,34,2,6,1,5.0,0
6686,54,0,15,1,9,0,2.0,2
6688,59,2,25,1,12,0,5.0,2
6689,29,2,14,2,13,0,1.0,0
6690,38,2,31,2,6,2,3.0,1
6695,43,1,16,4,1,0,2.0,1
6699,45,0,18,1,6,1,2.0,1
6701,67,0,30,1,8,3,5.0,3
6705,64,2,19,1,0,0,2.0,3
6707,49,0,20,3,6,1,2.0,2
6708,54,2,19,0,9,1,1.0,2
6710,60,2,36,4,8,1,3.0,2
6711,34,2,21,1,10,1,5.0,1
6713,26,0,5,2,3,2,4.0,0
6715,59,0,3,0,15,1,2.0,2
6722,65,0,37,0,6,2,2.0,3
6726,33,2,28,1,0,0,1.0,1
6728,38,2,0,1,3,3,2.0,1
6731,44,0,14,0,14,0,4.0,1
6736,20,1,23,0,15,1,1.0,0
6737,33,2,3,3,1,3,2.0,1
6738,69,1,23,4,15,1,5.0,3
6739,19,0,18,4,10,3,1.0,0
6740,65,2,5,1,4,2,2.0,3
6745,32,1,41,4,8,0,3.0,1
6749,64,2,22,4,5,1,4.0,3
6753,42,1,18,3,0,1,1.0,1
6759,44,0,30,1,5,0,5.0,1
6763,36,2,33,4,14,2,3.0,1
6765,27,0,4,4,1,1,3.0,0
6768,60,2,23,2,0,2,4.0,2
6773,33,1,22,0,2,3,2.0,1
6774,56,1,22,0,1,0,5.0,2
6777,23,0,12,3,6,1,2.0,0
6779,43,1,29,2,8,3,4.0,1
6783,45,0,19,0,15,1,4.0,1
6784,46,0,37,0,15,2,3.0,2
6785,60,1,19,2,11,2,5.0,2
6790,52,1,25,1,0,2,1.0,2
6793,42,0,5,3,2,1,2.0,1
6812,34,0,28,4,10,3,3.0,1
6814,65,0,35,0,15,2,2.0,3
6815,35,1,12,4,11,3,1.0,1
6816,70,2,33,0,4,3,3.0,3
6820,32,1,0,3,1,1,4.0,1
6822,70,2,5,4,10,0,3.0,3
6823,31,2,13,3,13,3,1.0,1
6828,42,2,34,1,3,3,1.0,1
6829,36,0,24,2,14,3,1.0,1
6832,35,1,32,4,5,2,5.0,1
6834,48,0,39,4,6,2,4.0,2
6837,35,1,33,3,6,3,1.0,1
6839,52,2,8,4,11,2,1.0,2
6845,23,0,37,1,8,2,1.0,0
6847,43,0,25,3,6,1,4.0,1
6852,25,0,12,2,5,3,1.0,0
6856,65,2,28,0,6,2,5.0,3
6867,55,2,22,2,13,1,1.0,2
6868,31,2,38,4,0,0,3.0,1
6881,20,2,1,1,3,1,2.0,0
6883,51,2,38,4,13,3,1.0,2
6886,30,0,34,3,8,2,1.0,0
6889,53,0,23,3,8,1,2.0,2
6890,34,1,6,2,1,3,3.0,1
6891,26,0,33,0,14,3,2.0,0
6893,67,1,28,3,13,2,3.0,3
6896,60,2,5,3,6,2,2.0,2
6899,19,0,15,2,8,2,1.0,0
6900,54,2,19,1,13,3,4.0,2
6901,52,0,13,0,2,1,1.0,2
6906,63,2,23,0,10,2,1.0,3
6909,20,0,7,3,14,1,2.0,0
6910,56,2,16,2,6,0,5.0,2
6913,46,2,11,0,7,2,4.0,2
6921,62,0,18,0,5,1,3.0,3
6932,41,2,25,0,6,1,3.0,1
6935,66,1,4,0,15,2,2.0,3
6936,51,1,31,0,2,1,4.0,2
6937,60,0,6,2,11,3,3.0,2
6945,51,1,9,2,7,2,5.0,2
6951,21,2,4,3,1,1,3.0,0
6956,61,1,18,2,13,0,3.0,3
6958,53,0,21,3,2,1,3.0,2
6961,65,1,18,0,15,2,3.0,3
6964,60,1,28,2,10,3,3.0,2
6966,45,1,1,3,5,2,2.0,1
6967,44,1,27,3,13,3,2.0,1
6974,34,1,24,1,7,3,4.0,1
6975,34,1,14,3,15,1,4.0,1
6976,34,1,18,2,7,3,5.0,1
6982,67,2,3,4,14,3,3.0,3
6983,43,0,7,1,13,3,3.0,1
6984,18,0,14,0,0,2,1.0,4
6992,44,1,38,0,6,0,5.0,1
6994,70,1,35,4,15,1,4.0,3
6995,44,2,28,1,5,2,2.0,1
6997,44,1,31,0,9,2,5.0,1
6999,65,2,34,0,15,0,5.0,3
7000,31,1,27,3,6,2,3.0,1
7001,69,1,19,3,6,1,2.0,3
7002,31,2,11,1,1,2,3.0,1
7004,65,1,3,4,4,3,3.0,3
7005,41,2,12,2,13,1,1.0,1
7008,20,0,20,0,3,3,5.0,0
7013,29,0,32,1,8,3,1.0,0
7018,29,0,25,1,0,0,1.0,0
7024,33,1,3,1,0,3,3.0,1
7026,20,0,10,4,8,1,2.0,0
7028,54,0,39,4,0,2,1.0,2
7029,33,2,33,0,14,2,1.0,1
7037,64,2,9,3,4,1,1.0,3
7039,30,2,28,2,12,3,2.0,0
7041,52,1,6,3,14,1,3.0,2
7051,70,0,10,4,6,2,3.0,3
7054,27,2,1,2,11,1,2.0,0
7055,68,2,0,3,5,0,5.0,3
7056,31,1,4,1,8,1,5.0,1
7057,60,1,34,1,4,1,4.0,2
7060,35,2,3,0,15,3,3.0,1
7062,51,2,34,3,14,3,5.0,2
7063,54,0,14,3,11,3,4.0,2
7064,56,0,13,4,5,2,1.0,2
7071,26,0,11,0,8,0,2.0,0
7072,56,2,4,4,11,0,5.0,2
7075,64,1,34,2,1,3,4.0,3
7079,45,1,17,2,15,2,4.0,1
7090,57,1,23,3,1,3,3.0,2
7095,58,0,0,0,13,1,5.0,2
7096,20,2,27,4,11,3,3.0,0
7097,51,2,21,0,1,3,1.0,2
7099,50,1,38,3,7,1,5.0,2
7102,43,2,41,0,14,0,1.0,1
7105,44,0,35,0,5,0,4.0,1
7106,38,0,34,0,13,2,4.0,1
7107,22,1,21,4,4,2,3.0,0
7108,24,1,34,2,1,0,4.0,0
7111,56,0,15,4,4,0,1.0,2
7115,45,2,16,4,11,2,3.0,1
7118,46,2,17,1,1,3,1.0,2
7120,55,0,25,3,5,1,3.0,2
7121,30,1,19,2,10,0,5.0,0
7123,20,0,40,4,12,3,3.0,0
7126,30,0,1,3,12,3,2.0,0
7127,28,1,11,4,0,2,5.0,0
7129,49,0,11,1,0,2,3.0,2
7131,20,1,3,3,4,0,3.0,0
7135,29,0,33,4,14,3,1.0,0
7136,28,1,3,4,12,3,2.0,0
7138,26,0,8,0,3,3,4.0,0
7140,53,2,8,2,13,3,3.0,2
7141,55,0,6,4,5,0,5.0,2
7142,59,2,35,1,3,1,3.0,2
7147,30,2,2,4,4,0,3.0,0
7148,68,1,30,0,14,1,1.0,3
7149,56,2,7,2,14,0,3.0,2
7152,42,2,15,2,8,2,4.0,1
7156,45,2,21,2,1,0,4.0,1
7157,60,0,41,2,0,2,5.0,2
7163,56,0,9,3,12,2,5.0,2
7165,48,2,35,4,3,1,3.0,2
7167,24,1,16,4,5,2,3.0,0
7171,27,0,13,4,3,3,2.0,0
7173,22,1,29,1,7,1,2.0,0
7182,29,0,14,1,3,1,5.0,0
7188,54,2,29,4,9,0,2.0,2
7189,55,1,8,4,1,3,3.0,2
7192,70,1,41,3,7,0,1.0,3
7194,31,1,40,0,10,0,3.0,1
7196,52,2,11,4,1,2,1.0,2
7197,30,0,15,1,6,1,1.0,0
7199,61,0,3,1,0,3,3.0,3
7201,56,2,16,0,11,0,1.0,2
7203,22,2,34,3,8,1,3.0,0
7208,32,2,2,3,3,1,5.0,1
7214,67,2,5,2,1,0,4.0,3
7216,51,2,11,4,5,3,5.0,2
7219,20,2,1,2,6,3,1.0,0
7220,62,2,34,3,6,2,4.0,3
7222,21,1,3,0,15,0,2.0,0
7236,61,1,16,2,8,2,5.0,3
7238,30,2,6,0,11,3,4.0,0
7240,24,0,18,1,9,3,5.0,0
7244,57,0,20,2,4,3,2.0,2
7248,33,2,41,3,14,2,4.0,1
7263,56,1,23,2,2,2,2.0,2
7265,52,1,6,4,4,2,3.0,2
7279,41,1,6,3,9,0,1.0,1
7280,68,2,38,1,14,0,5.0,3
7284,39,0,18,3,1,0,5.0,1
7296,22,0,11,3,6,0,1.0,0
7299,27,0,14,3,13,1,4.0,0
7301,70,2,16,4,6,1,4.0,3
7302,55,2,19,0,2,2,1.0,2
7309,55,1,11,1,15,3,4.0,2
7314,19,0,35,3,11,0,3.0,0
7317,38,0,26,2,6,2,1.0,1
7318,39,2,16,2,12,2,2.0,1
7319,69,1,0,3,1,3,4.0,3
7324,34,1,34,4,0,0,4.0,1
7325,38,2,21,2,13,3,2.0,1
7326,70,1,11,1,8,1,4.0,3
7327,42,1,33,0,12,1,1.0,1
7328,57,2,25,4,0,1,1.0,2
7330,68,0,36,0,9,2,2.0,3
7331,47,1,16,0,8,3,2.0,2
7332,37,2,26,3,0,1,5.0,1
7333,61,0,11,4,12,0,3.0,3
7334,18,0,21,2,1,2,4.0,4
7339,27,0,21,1,12,1,3.0,0
7340,44,2,2,4,2,0,1.0,1
7341,19,1,8,0,5,2,5.0,0
7342,70,1,8,3,2,1,5.0,3
7349,27,1,27,0,7,2,5.0,0
7350,57,2,39,0,5,3,4.0,2
7356,59,0,34,0,13,3,5.0,2
7358,59,1,26,0,1,2,1.0,2
7359,19,1,31,1,13,1,3.0,0
7365,62,0,41,0,8,2,1.0,3
7370,20,2,29,1,9,3,5.0,0
7371,37,1,36,3,7,3,5.0,1
7373,38,1,38,3,13,1,5.0,1
7374,47,0,32,1,4,3,1.0,2
7377,53,1,15,3,13,0,4.0,2
7386,26,1,34,2,14,1,5.0,0
7387,42,1,26,2,1,0,3.0,1
7388,48,2,26,0,12,1,5.0,2
7389,44,0,34,2,14,0,4.0,1
7392,30,0,22,2,1,1,3.0,0
7393,29,1,7,1,7,1,2.0,0
7398,56,0,3,3,9,1,2.0,2
7401,68,0,20,0,7,0,1.0,3
7402,41,0,1,4,3,1,4.0,1
7404,57,2,26,1,9,0,4.0,2
7405,41,1,26,1,13,1,1.0,1
7408,21,2,30,1,11,2,1.0,0
7412,25,1,29,3,1,1,2.0,0
7419,51,2,10,1,13,2,3.0,2
7428,52,1,2,3,0,0,5.0,2
7430,40,1,18,2,8,3,4.0,1
7431,53,1,32,3,4,1,1.0,2
7433,64,1,20,0,3,1,1.0,3
7440,46,0,15,1,9,1,1.0,2
7444,51,0,21,1,8,0,3.0,2
7448,26,1,9,4,5,0,2.0,0
7449,53,0,40,3,6,0,2.0,2
7453,58,1,36,4,4,3,3.0,2
7456,65,1,21,2,6,2,4.0,3
7463,24,2,18,0,13,1,4.0,0
7464,45,0,13,4,12,1,1.0,1
7470,35,1,23,0,10,3,3.0,1
7473,38,1,37,2,4,2,5.0,1
7474,46,1,33,0,3,1,2.0,2
7476,45,1,31,0,12,2,4.0,1
7477,20,2,6,2,7,2,2.0,0
7478,26,0,24,4,2,1,4.0,0
7479,30,2,24,3,5,0,5.0,0
7485,28,1,22,3,14,2,3.0,0
7487,69,2,31,1,3,0,1.0,3
7490,33,0,35,3,13,3,1.0,1
7493,59,1,33,0,0,0,5.0,2
7494,68,1,38,0,0,1,2.0,3
7495,51,0,8,4,15,2,4.0,2
7501,63,1,30,1,15,0,4.0,3
7503,44,1,8,2,15,0,3.0,1
7505,37,1,39,0,10,3,2.0,1
7506,59,1,40,4,1,2,2.0,2
7509,68,0,1,3,7,0,3.0,3
7511,40,0,32,1,12,1,2.0,1
7513,50,2,7,4,11,0,5.0,2
7516,60,0,27,4,13,2,2.0,2
7518,23,1,23,4,3,1,5.0,0
7519,19,2,9,1,10,1,1.0,0
7520,67,1,4,4,13,0,5.0,3
7522,19,1,16,3,10,2,4.0,0
7523,64,0,21,1,12,3,2.0,3
7525,56,2,14,0,8,1,2.0,2
7527,43,2,16,4,3,1,5.0,1
7530,42,2,6,4,6,0,1.0,1
7532,26,2,21,1,6,1,1.0,0
7537,38,1,11,4,3,3,3.0,1
7539,46,0,28,1,5,2,4.0,2
7541,42,1,18,2,14,1,1.0,1
7542,68,1,19,3,4,0,1.0,3
7543,52,2,3,3,12,1,5.0,2
7547,28,0,40,1,14,3,3.0,0
7548,68,1,41,4,0,3,3.0,3
7549,18,2,32,3,10,3,5.0,4
7555,44,0,13,4,6,1,2.0,1
7557,51,1,5,3,3,0,4.0,2
7558,62,2,35,4,10,1,2.0,3
7562,45,1,17,2,4,2,3.0,1
7567,40,0,0,1,14,0,4.0,1
7568,46,0,30,1,14,0,5.0,2
7572,54,0,14,1,3,1,3.0,2
7576,64,1,5,0,8,1,2.0,3
7580,37,2,15,3,1,0,2.0,1
7581,68,0,41,4,14,1,2.0,3
7583,45,2,10,3,5,0,2.0,1
7585,34,1,22,3,6,2,5.0,1
7588,69,1,18,1,2,1,1.0,3
7590,40,1,27,1,13,2,2.0,1
7591,23,1,7,0,15,2,2.0,0
7594,69,1,39,1,2,1,5.0,3
7595,22,0,28,0,11,1,3.0,0
7598,60,1,25,3,7,0,3.0,2
7600,20,2,18,2,11,3,5.0,0
7601,27,1,38,3,0,0,5.0,0
7603,63,1,29,2,5,3,2.0,3
7608,23,1,29,4,5,3,2.0,0
7609,38,2,28,2,5,1,3.0,1
7612,27,1,12,0,11,2,3.0,0
7614,36,1,40,4,11,2,2.0,1
7617,61,0,32,3,7,3,1.0,3
7618,25,2,24,0,3,2,1.0,0
7624,53,2,24,3,11,0,2.0,2
7627,31,0,23,4,4,1,5.0,1
7629,48,2,8,1,15,1,5.0,2
7634,20,2,2,1,14,3,4.0,0
7644,60,2,12,4,12,3,1.0,2
7646,27,2,8,0,6,2,5.0,0
7647,50,2,41,4,2,3,2.0,2
7648,24,2,5,3,8,1,1.0,0
7654,24,2,41,4,0,0,5.0,0
7660,54,2,3,3,10,3,5.0,2
7661,22,1,40,1,12,1,4.0,0
7665,35,0,5,4,1,0,5.0,1
7675,23,2,39,4,11,2,4.0,0
7676,50,0,1,2,13,3,4.0,2
7677,56,2,23,3,4,2,1.0,2
7678,60,0,1,3,8,3,3.0,2
7682,39,2,37,3,10,0,4.0,1
7685,45,2,34,0,7,3,3.0,1
7686,29,0,38,1,15,3,5.0,0
7692,51,2,12,3,5,3,1.0,2
7696,34,2,10,1,2,1,5.0,1
7699,59,0,1,1,0,0,1.0,2
7700,65,0,37,1,0,2,4.0,3
7702,57,0,21,0,5,3,3.0,2
7710,38,1,17,3,13,1,5.0,1
7719,33,1,28,0,1,1,4.0,1
7724,63,0,28,2,12,3,1.0,3
7728,69,0,28,4,5,1,1.0,3
7729,55,0,15,3,4,0,5.0,2
7737,57,1,17,3,12,2,3.0,2
7744,32,1,40,2,15,1,3.0,1
7750,22,1,24,4,13,1,3.0,0
7756,44,0,18,0,8,1,3.0,1
7764,53,2,2,2,8,1,3.0,2
7765,19,2,24,4,1,1,4.0,0
7766,52,2,18,3,11,3,4.0,2
7768,50,2,4,3,9,2,2.0,2
7774,55,0,22,1,13,3,2.0,2
7777,41,1,26,3,3,0,1.0,1
7778,58,2,13,1,0,1,2.0,2
7782,25,0,15,2,9,3,4.0,0
7788,30,1,36,4,13,1,5.0,0
7792,45,0,25,4,6,0,2.0,1
7794,28,2,1,4,15,1,5.0,0
7798,36,2,15,2,7,3,4.0,1
7800,49,2,34,0,11,3,2.0,2
7803,65,2,19,1,14,1,5.0,3
7805,60,1,14,1,13,0,5.0,2
7812,18,0,0,4,11,0,3.0,4
7820,49,2,26,4,15,3,4.0,2
7822,29,2,19,3,0,3,2.0,0
7826,26,2,5,0,12,1,1.0,0
7834,27,1,40,1,14,3,4.0,0
7837,49,0,28,4,8,3,4.0,2
7841,66,2,9,4,7,1,4.0,3
7842,29,2,41,3,5,2,1.0,0
7850,63,1,23,1,14,0,5.0,3
7859,68,1,13,3,3,0,5.0,3
7863,39,1,37,4,6,3,3.0,1
7874,59,1,2,0,11,3,3.0,2
7876,33,1,2,3,15,2,2.0,1
7877,39,2,7,1,2,0,2.0,1
7882,19,0,2,3,6,3,5.0,0
7883,43,1,37,4,14,2,5.0,1
7884,37,1,25,1,12,2,1.0,1
7887,65,0,17,4,4,0,1.0,3
7888,61,2,39,4,9,2,3.0,3
7893,55,1,17,2,8,3,5.0,2
7894,18,2,31,2,2,2,5.0,4
7895,34,2,30,3,0,2,2.0,1
7896,39,1,36,1,2,2,3.0,1
7903,23,0,12,3,3,1,4.0,0
7904,48,2,34,4,15,0,2.0,2
7906,51,1,2,3,13,0,4.0,2
7907,41,0,40,3,3,2,4.0,1
7908,51,1,37,4,7,1,4.0,2
7909,54,0,20,3,2,3,2.0,2
7910,61,2,37,4,14,0,1.0,3
7918,52,1,23,2,0,1,3.0,2
7919,60,2,5,4,15,1,5.0,2
7920,21,2,24,4,12,0,4.0,0
7922,25,2,33,1,4,1,1.0,0
7924,42,1,13,1,5,1,3.0,1
7925,67,2,9,1,9,1,3.0,3
7929,62,1,22,4,13,2,4.0,3
7934,33,2,18,1,6,1,2.0,1
7939,60,1,41,4,15,3,5.0,2
7944,22,0,1,0,15,3,1.0,0
7947,53,0,38,3,3,1,4.0,2
7948,24,1,26,1,14,2,5.0,0
7953,42,0,7,3,0,2,4.0,1
7955,66,2,25,3,14,2,4.0,3
7956,53,0,39,0,8,0,3.0,2
7960,22,1,34,4,3,2,3.0,0
7964,65,1,8,3,15,0,4.0,3
7969,27,2,9,4,11,1,1.0,0
7974,33,0,25,2,0,2,3.0,1
7977,41,2,34,3,1,2,1.0,1
7982,32,0,0,0,9,2,2.0,1
7986,60,2,6,0,9,3,3.0,2
7997,25,2,27,4,5,0,5.0,0
8001,37,0,4,2,13,0,2.0,1
8002,38,0,39,1,10,1,3.0,1
8010,57,0,27,1,9,2,3.0,2
8012,49,1,17,1,9,0,5.0,2
8014,21,0,22,1,12,3,5.0,0
8015,18,2,3,4,3,1,1.0,4
8019,24,1,8,3,11,1,2.0,0
8020,43,0,19,4,8,1,4.0,1
8023,63,2,9,4,1,0,5.0,3
8026,39,0,34,4,4,3,5.0,1
8027,35,2,19,0,12,0,2.0,1
8028,27,2,35,4,5,1,3.0,0
8031,51,0,26,2,1,2,4.0,2
8034,27,0,29,2,10,2,3.0,0
8035,56,0,4,0,1,3,4.0,2
8039,49,1,25,2,4,0,4.0,2
8043,40,0,8,2,14,1,4.0,1
8044,63,0,11,3,0,0,1.0,3
8047,39,0,35,2,12,2,2.0,1
8050,60,0,33,0,5,3,2.0,2
8052,65,2,9,1,12,1,2.0,3
8056,26,0,5,2,4,0,4.0,0
8059,45,2,17,3,10,0,3.0,1
8061,24,2,23,4,2,2,3.0,0
8065,35,2,4,3,9,2,1.0,1
8066,57,2,19,0,5,2,3.0,2
8070,61,1,26,0,3,0,3.0,3
8073,55,1,20,0,5,0,3.0,2
8076,70,0,30,0,7,1,2.0,3
8079,38,2,21,0,4,0,5.0,1
8082,29,1,24,3,15,2,3.0,0
8083,48,0,18,4,1,3,4.0,2
8084,63,0,35,4,5,3,1.0,3
8085,68,0,26,0,6,1,1.0,3
8087,48,2,21,1,14,2,4.0,2
8090,57,0,40,4,4,3,1.0,2
8096,70,1,28,4,15,1,2.0,3
8097,67,0,9,4,13,1,5.0,3
8101,29,1,20,1,6,2,2.0,0
8103,33,2,20,4,13,1,1.0,1
8109,48,1,0,0,8,3,2.0,2
8112,61,0,28,3,3,1,5.0,3
8120,46,1,33,4,0,1,2.0,2
8121,38,0,32,2,14,2,2.0,1
8123,39,2,5,3,11,3,3.0,1
8127,67,1,33,0,15,0,1.0,3
8131,39,0,11,1,12,1,1.0,1
8134,58,0,18,3,7,2,2.0,2
8135,19,2,3,1,9,1,4.0,0
8136,69,0,30,0,4,2,1.0,3
8139,22,1,22,3,2,3,4.0,0
8140,45,0,20,4,9,0,2.0,1
8141,45,2,27,0,12,1,3.0,1
8145,54,1,19,3,6,1,4.0,2
8146,31,1,1,0,3,2,3.0,1
8147,38,1,38,1,1,2,4.0,1
8156,47,0,2,2,10,3,1.0,2
8158,45,1,21,0,8,2,2.0,1
8164,43,0,12,1,9,0,1.0,1
8165,65,1,17,3,15,2,1.0,3
8169,23,2,34,1,13,0,4.0,0
8170,65,2,22,1,11,1,2.0,3
8171,35,0,12,2,13,2,2.0,1
8175,52,1,8,0,3,3,5.0,2
8181,20,1,21,1,1,3,2.0,0
8187,63,1,22,4,5,2,3.0,3
8194,36,0,18,3,12,0,2.0,1
8195,33,0,40,1,7,0,3.0,1
8198,37,0,8,2,5,0,5.0,1
8200,52,2,28,0,1,0,5.0,2
8201,52,2,34,0,1,3,3.0,2
8215,35,0,41,3,0,0,4.0,1
8216,61,2,0,4,2,3,3.0,3
8219,45,1,33,2,14,0,5.0,1
8228,25,1,34,0,13,1,2.0,0
8231,50,2,3,3,10,0,3.0,2
8233,33,1,40,4,7,0,1.0,1
8237,24,0,33,4,0,2,5.0,0
8238,24,2,38,0,15,1,2.0,0
8243,38,0,23,0,14,2,4.0,1
8246,50,2,40,2,11,3,4.0,2
8249,65,2,14,3,14,1,4.0,3
8250,53,1,16,2,6,2,1.0,2
8258,69,1,5,0,1,0,1.0,3
8259,48,0,25,1,8,2,3.0,2
8260,48,1,36,2,2,3,3.0,2
8261,66,2,19,1,7,1,4.0,3
8263,23,1,24,4,13,0,2.0,0
8265,69,0,1,4,10,0,4.0,3
8268,62,0,26,3,15,0,2.0,3
8275,68,0,24,1,12,2,1.0,3
8276,18,1,6,2,15,3,3.0,4
8280,68,2,30,1,0,3,5.0,3
8282,21,0,26,0,5,0,4.0,0
8284,58,1,0,3,0,0,5.0,2
8288,44,2,30,3,8,0,3.0,1
8289,29,1,33,2,6,2,3.0,0
8292,29,1,17,3,8,1,1.0,0
8294,38,0,37,2,8,0,5.0,1
8295,66,1,29,4,0,1,4.0,3
8303,69,1,4,4,3,3,3.0,3
8311,67,2,3,2,15,0,1.0,3
8312,65,0,23,2,8,0,3.0,3
8314,39,2,32,1,12,1,5.0,1
8317,52,2,22,1,2,1,3.0,2
8319,44,2,15,2,14,1,1.0,1
8320,51,2,32,2,12,0,1.0,2
8322,30,1,11,2,0,3,5.0,0
8323,24,2,10,4,11,1,3.0,0
8329,18,1,35,0,2,3,3.0,4
8330,50,1,38,2,10,3,2.0,2
8332,37,0,37,2,4,1,3.0,1
8333,33,2,21,2,2,3,4.0,1
8335,20,2,12,4,9,2,3.0,0
8339,30,0,41,3,13,2,4.0,0
8340,48,2,0,0,14,3,4.0,2
8341,47,0,9,0,4,1,2.0,2
8345,18,2,34,0,6,3,3.0,4
8348,49,0,33,1,2,3,5.0,2
8350,63,2,24,2,13,2,5.0,3
8361,40,2,20,2,11,1,2.0,1
8362,58,2,8,0,2,1,2.0,2
8365,39,1,7,1,13,1,3.0,1
8370,46,2,7,0,8,2,1.0,2
8374,45,1,1,3,4,3,2.0,1
8375,44,0,7,1,5,2,3.0,1
8376,26,0,3,1,5,3,3.0,0
8377,34,0,4,4,3,0,5.0,1
8380,39,0,16,0,6,2,1.0,1
8383,32,0,21,4,10,1,4.0,1
8384,48,1,23,0,15,0,2.0,2
8388,33,1,14,3,0,2,5.0,1
8390,23,0,39,1,9,1,2.0,0
8391,69,0,16,3,10,2,5.0,3
8393,43,0,32,3,9,1,4.0,1
8396,21,2,12,2,7,3,3.0,0
8397,59,0,10,1,2,1,2.0,2
8398,50,2,31,3,3,0,1.0,2
8400,68,0,13,1,8,1,2.0,3
8411,67,1,34,3,6,2,1.0,3
8414,29,1,25,1,4,1,2.0,0
8419,29,1,5,2,14,0,3.0,0
8420,41,0,40,4,7,2,5.0,1
8423,36,0,26,0,9,2,2.0,1
8426,60,0,34,3,3,2,3.0,2
8427,24,2,1,3,14,1,3.0,0
8430,63,0,18,0,15,0,2.0,3
8432,70,1,30,0,8,0,3.0,3
8434,50,0,16,4,7,1,4.0,2
8435,69,0,37,3,5,0,1.0,3
8440,43,0,5,3,11,0,1.0,1
8441,48,2,35,0,4,3,3.0,2
8448,37,2,39,1,6,0,2.0,1
8450,34,2,22,0,13,0,5.0,1
8452,62,0,24,3,5,2,3.0,3
8453,61,2,41,0,10,0,5.0,3
8455,54,2,11,0,14,1,1.0,2
8466,57,0,15,4,0,3,3.0,2
8467,54,1,33,2,9,1,3.0,2
